timestamp,measurement,tia_par,miniPAR,metadata,f1_415,f2_445,f3_480,f4_515,f5_555,f6_590,f7_630,f8_680,clear,nir,gain,aint,astep
2026-08-10T13:02:57,1,15.153022,miniPAR_ValidDevice_1,office,4.0,11.0,16.0,19.0,21.0,21.0,23.0,21.0,70.5,9.0,2,100,999
2026-08-10T13:02:57,1,15.153022,miniPAR_ValidDevice_2,office,4.0,10.0,16.0,19.0,20.0,21.0,24.0,22.0,64.0,9.0,2,100,999
2026-08-10T13:02:57,1,15.153022,miniPAR_miniPAR,office,3.0,10.0,15.0,18.0,20.0,20.0,23.0,20.0,70.0,9.0,2,100,999
2026-08-10T13:03:34,2,15.344937999999999,miniPAR_ValidDevice_1,office cloud,5.0,11.0,16.0,19.0,21.0,21.0,24.0,21.0,71.0,9.0,2,100,999
2026-08-10T13:03:34,2,15.344937999999999,miniPAR_ValidDevice_2,office cloud,4.0,11.0,16.0,20.0,21.0,21.0,24.0,22.0,65.0,9.0,2,100,999
2026-08-10T13:03:34,2,15.344937999999999,miniPAR_miniPAR,office cloud,3.0,10.0,16.0,18.0,20.0,20.0,23.0,20.0,71.0,9.0,2,100,999
2026-08-10T13:03:58,3,15.073998,miniPAR_ValidDevice_1,office,4.0,10.0,17.0,18.0,21.0,20.0,23.0,20.5,70.0,9.0,2,100,999
2026-08-10T13:03:58,3,15.073998,miniPAR_ValidDevice_2,office,4.0,10.0,16.0,19.0,20.0,21.0,24.0,22.0,64.0,9.0,2,100,999
2026-08-10T13:03:58,3,15.073998,miniPAR_miniPAR,office,3.0,10.0,15.0,18.0,19.0,20.0,23.0,20.0,69.0,9.0,2,100,999
2026-08-10T13:04:37,4,8.7746443,miniPAR_ValidDevice_1,office,3.0,6.0,9.0,10.0,12.0,12.0,14.0,11.0,39.0,4.0,2,100,999
2026-08-10T13:04:37,4,8.7746443,miniPAR_ValidDevice_2,office,2.0,6.0,9.0,11.0,12.0,13.0,14.0,12.0,36.0,4.0,2,100,999
2026-08-10T13:04:37,4,8.7746443,miniPAR_miniPAR,office,2.0,6.0,8.0,10.0,11.0,12.0,14.0,10.0,39.0,4.0,2,100,999
2026-08-10T13:04:45,5,8.763355,miniPAR_ValidDevice_1,office,3.0,6.0,8.5,10.0,12.0,12.0,14.5,11.0,39.0,4.0,2,100,999
2026-08-10T13:04:45,5,8.763355,miniPAR_ValidDevice_2,office,2.0,6.0,9.0,11.0,12.0,13.0,14.0,12.0,36.0,4.0,2,100,999
2026-08-10T13:04:45,5,8.763355,miniPAR_miniPAR,office,2.0,6.0,8.0,10.0,11.0,12.0,14.0,10.0,39.0,4.0,2,100,999
2026-08-10T13:05:00,6,8.921403,miniPAR_ValidDevice_1,office,3.0,6.0,10.0,10.0,13.0,13.0,15.0,11.0,40.0,4.0,2,100,999
2026-08-10T13:05:00,6,8.921403,miniPAR_ValidDevice_2,office,2.0,6.0,9.0,11.0,12.0,13.0,15.0,12.0,37.0,4.0,2,100,999
2026-08-10T13:05:00,6,8.921403,miniPAR_miniPAR,office,2.0,6.0,9.0,10.0,12.0,13.0,14.0,11.0,40.0,4.0,2,100,999
2026-08-10T13:05:43,7,15.2997805,miniPAR_ValidDevice_1,office,4.0,10.0,16.5,19.0,21.0,21.0,25.0,21.0,71.0,9.0,2,100,999
2026-08-10T13:05:43,7,15.2997805,miniPAR_ValidDevice_2,office,4.0,10.0,16.0,19.0,21.0,21.0,24.0,22.0,65.0,9.0,2,100,999
2026-08-10T13:05:43,7,15.2997805,miniPAR_miniPAR,office,3.0,10.0,15.0,18.0,20.0,20.0,23.0,20.0,70.5,9.0,2,100,999
2026-08-10T14:15:44,8,1139.2602,miniPAR_ValidDevice_1,fluorcam act1 5 act2 100,176.0,1047.0,666.0,1397.0,2207.0,2306.0,1877.0,230.0,4509.0,283.0,2,100,999
2026-08-10T14:15:44,8,1139.2602,miniPAR_ValidDevice_2,fluorcam act1 5 act2 100,174.0,1051.0,688.0,1376.0,2234.0,2369.0,1974.0,249.0,4100.0,274.0,2,100,999
2026-08-10T14:15:44,8,1139.2602,miniPAR_miniPAR,fluorcam act1 5 act2 100,173.0,1007.0,647.0,1388.0,2164.0,2270.0,1854.0,233.0,4539.0,285.0,2,100,999
2026-08-10T14:15:54,9,1162.6965500000001,miniPAR_ValidDevice_1,fluorcam act1 10 act2 100,179.0,1048.0,672.0,1397.0,2206.0,2365.0,2032.0,234.0,4613.0,293.0,2,100,999
2026-08-10T14:15:54,9,1162.6965500000001,miniPAR_ValidDevice_2,fluorcam act1 10 act2 100,178.0,1052.0,694.0,1376.0,2232.5,2421.5,2137.0,254.0,4195.5,283.0,2,100,999
2026-08-10T14:15:54,9,1162.6965500000001,miniPAR_miniPAR,fluorcam act1 10 act2 100,176.0,1009.0,654.0,1388.0,2163.0,2327.5,2005.0,238.0,4642.0,295.0,2,100,999
2026-08-10T14:16:18,10,1215.25895,miniPAR_ValidDevice_1,fluorcam act1 20 act2 100,186.0,1053.0,680.0,1403.0,2212.0,2496.0,2368.0,245.0,4843.0,314.0,2,100,999
2026-08-10T14:16:18,10,1215.25895,miniPAR_ValidDevice_2,fluorcam act1 20 act2 100,185.0,1056.5,703.0,1382.0,2238.0,2542.0,2489.0,266.0,4409.0,303.0,2,100,999
2026-08-10T14:16:18,10,1215.25895,miniPAR_miniPAR,fluorcam act1 20 act2 100,183.0,1014.0,662.0,1395.0,2169.0,2457.0,2334.5,250.0,4874.0,316.0,2,100,999
2026-08-10T14:16:45,11,1267.5051,miniPAR_ValidDevice_1,fluorcam act1 30 act2 100,193.0,1058.0,689.0,1409.0,2218.0,2624.0,2704.0,256.0,5072.0,334.0,2,100,999
2026-08-10T14:16:45,11,1267.5051,miniPAR_ValidDevice_2,fluorcam act1 30 act2 100,192.0,1061.0,712.0,1387.0,2243.0,2660.0,2841.0,277.0,4621.0,324.0,2,100,999
2026-08-10T14:16:45,11,1267.5051,miniPAR_miniPAR,fluorcam act1 30 act2 100,190.0,1019.0,671.0,1401.0,2175.0,2583.5,2663.0,261.0,5102.0,338.0,2,100,999
2026-08-10T14:17:33,12,1317.1775,miniPAR_ValidDevice_1,fluorcam act1 40 act2 100,200.0,1063.0,698.0,1414.0,2223.0,2743.0,3028.0,266.0,5289.5,354.0,2,100,999
2026-08-10T14:17:33,12,1317.1775,miniPAR_ValidDevice_2,fluorcam act1 40 act2 100,199.0,1066.0,721.0,1392.0,2247.0,2768.0,3181.0,289.0,4822.0,343.0,2,100,999
2026-08-10T14:17:33,12,1317.1775,miniPAR_miniPAR,fluorcam act1 40 act2 100,197.0,1024.0,680.0,1406.0,2179.5,2701.0,2981.5,272.0,5323.0,358.0,2,100,999
2026-08-10T14:17:55,13,1366.3079,miniPAR_ValidDevice_1,fluorcam act1 50 act2 100,206.0,1068.0,705.0,1420.0,2229.0,2861.0,3348.5,277.0,5506.0,374.0,2,100,999
2026-08-10T14:17:55,13,1366.3079,miniPAR_ValidDevice_2,fluorcam act1 50 act2 100,206.0,1071.0,729.0,1399.0,2253.0,2876.0,3517.0,301.0,5023.0,362.0,2,100,999
2026-08-10T14:17:55,13,1366.3079,miniPAR_miniPAR,fluorcam act1 50 act2 100,203.0,1029.0,688.0,1412.0,2185.5,2816.0,3296.0,284.0,5540.0,378.0,2,100,999
2026-08-10T14:18:18,14,1415.7996,miniPAR_ValidDevice_1,fluorcam act1 60 act2 100,213.0,1073.0,713.0,1426.0,2235.0,2976.5,3672.0,287.0,5722.0,394.0,2,100,999
2026-08-10T14:18:18,14,1415.7996,miniPAR_ValidDevice_2,fluorcam act1 60 act2 100,213.0,1076.0,737.0,1405.0,2258.0,2982.5,3855.0,313.0,5224.0,382.0,2,100,999
2026-08-10T14:18:18,14,1415.7996,miniPAR_miniPAR,fluorcam act1 60 act2 100,210.0,1034.0,696.0,1418.5,2192.0,2930.0,3612.5,295.0,5757.5,399.0,2,100,999
2026-08-10T14:18:38,15,1466.5557,miniPAR_ValidDevice_1,fluorcam act1 70 act2 100,220.0,1078.0,721.0,1432.0,2241.5,3094.0,4006.5,299.0,5945.0,415.0,2,100,999
2026-08-10T14:18:38,15,1466.5557,miniPAR_ValidDevice_2,fluorcam act1 70 act2 100,220.0,1081.0,745.0,1411.0,2264.0,3090.0,4203.5,325.0,5431.0,402.0,2,100,999
2026-08-10T14:18:38,15,1466.5557,miniPAR_miniPAR,fluorcam act1 70 act2 100,216.0,1039.5,704.0,1425.0,2198.0,3046.0,3940.0,307.0,5982.0,420.0,2,100,999
2026-08-10T14:19:04,16,1516.9957,miniPAR_ValidDevice_1,fluorcam act1 80 act2 100,227.0,1083.0,729.0,1439.0,2249.0,3209.0,4342.0,310.0,6169.0,435.0,2,100,999
2026-08-10T14:19:04,16,1516.9957,miniPAR_ValidDevice_2,fluorcam act1 80 act2 100,227.0,1087.0,753.0,1418.0,2271.0,3195.0,4554.0,338.0,5638.0,421.0,2,100,999
2026-08-10T14:19:04,16,1516.9957,miniPAR_miniPAR,fluorcam act1 80 act2 100,223.0,1045.0,712.0,1432.0,2205.0,3158.0,4269.0,320.0,6206.0,441.0,2,100,999
2026-08-10T14:19:25,17,1567.1647,miniPAR_ValidDevice_1,fluorcam act1 90 act2 100,233.5,1088.0,736.0,1445.0,2255.0,3320.0,4677.5,322.0,6390.0,456.0,2,100,999
2026-08-10T14:19:25,17,1567.1647,miniPAR_ValidDevice_2,fluorcam act1 90 act2 100,234.0,1092.0,761.0,1424.0,2276.5,3296.5,4903.5,351.5,5842.5,441.0,2,100,999
2026-08-10T14:19:25,17,1567.1647,miniPAR_miniPAR,fluorcam act1 90 act2 100,230.0,1050.0,720.0,1439.0,2211.0,3267.0,4598.5,332.0,6428.5,462.0,2,100,999
2026-08-10T14:19:53,18,1615.88875,miniPAR_ValidDevice_1,fluorcam act1 100 act2 100,240.0,1093.0,744.0,1451.0,2261.0,3426.0,5007.0,334.0,6605.0,476.0,2,100,999
2026-08-10T14:19:53,18,1615.88875,miniPAR_ValidDevice_2,fluorcam act1 100 act2 100,241.0,1097.0,769.0,1431.0,2282.5,3394.0,5247.0,365.0,6043.0,461.0,2,100,999
2026-08-10T14:19:53,18,1615.88875,miniPAR_miniPAR,fluorcam act1 100 act2 100,236.0,1056.0,727.0,1445.0,2218.0,3372.0,4921.5,345.0,6646.0,482.0,2,100,999
2026-08-10T14:20:30,19,1614.805,miniPAR_ValidDevice_1,fluorcam act1 100 act2 100 fr 100,247.0,1100.0,751.0,1456.0,2268.0,3424.0,5011.0,429.0,6769.0,494.0,2,100,999
2026-08-10T14:20:30,19,1614.805,miniPAR_ValidDevice_2,fluorcam act1 100 act2 100 fr 100,248.0,1104.0,777.0,1435.5,2289.0,3392.0,5249.5,453.0,6196.0,479.0,2,100,999
2026-08-10T14:20:30,19,1614.805,miniPAR_miniPAR,fluorcam act1 100 act2 100 fr 100,243.0,1062.0,735.0,1450.0,2224.5,3370.0,4926.0,438.0,6808.0,500.0,2,100,999
2026-08-10T14:21:46,20,1559.6687,miniPAR_ValidDevice_1,fluorcam act1 90 act2 100 fr 100,240.0,1095.0,746.0,1447.0,2257.0,3288.0,4670.0,417.0,6531.0,472.0,2,100,999
2026-08-10T14:21:46,20,1559.6687,miniPAR_ValidDevice_2,fluorcam act1 90 act2 100 fr 100,241.0,1098.0,772.0,1425.5,2279.0,3265.0,4890.0,440.5,5974.0,458.0,2,100,999
2026-08-10T14:21:46,20,1559.6687,miniPAR_miniPAR,fluorcam act1 90 act2 100 fr 100,236.0,1057.0,730.0,1440.0,2213.0,3235.0,4590.5,425.0,6567.0,477.0,2,100,999
2026-08-10T14:22:06,21,1507.9192,miniPAR_ValidDevice_1,fluorcam act1 80 act2 100 fr 100,233.0,1089.0,739.5,1439.0,2249.0,3170.0,4331.5,405.0,6304.0,451.0,2,100,999
2026-08-10T14:22:06,21,1507.9192,miniPAR_ValidDevice_2,fluorcam act1 80 act2 100 fr 100,234.0,1092.0,765.0,1418.0,2270.0,3156.5,4537.0,428.0,5764.0,437.0,2,100,999
2026-08-10T14:22:06,21,1507.9192,miniPAR_miniPAR,fluorcam act1 80 act2 100 fr 100,229.0,1052.0,723.0,1433.0,2206.0,3119.5,4260.0,412.0,6342.0,456.0,2,100,999
2026-08-10T14:22:31,22,1456.6213,miniPAR_ValidDevice_1,fluorcam act1 70 act2 100 fr 100,226.0,1084.0,733.0,1432.0,2241.0,3053.0,3995.5,394.0,6079.0,430.0,2,100,999
2026-08-10T14:22:31,22,1456.6213,miniPAR_ValidDevice_2,fluorcam act1 70 act2 100 fr 100,227.0,1086.0,758.0,1410.0,2262.0,3048.0,4185.0,414.0,5554.5,417.0,2,100,999
2026-08-10T14:22:31,22,1456.6213,miniPAR_miniPAR,fluorcam act1 70 act2 100 fr 100,223.0,1047.0,717.0,1425.0,2197.0,3003.0,3930.5,400.0,6115.0,434.0,2,100,999
2026-08-10T14:22:53,23,1405.5039,miniPAR_ValidDevice_1,fluorcam act1 60 act2 100 fr 100,219.0,1078.0,726.5,1424.0,2232.0,2934.5,3660.0,382.0,5854.0,409.0,2,100,999
2026-08-10T14:22:53,23,1405.5039,miniPAR_ValidDevice_2,fluorcam act1 60 act2 100 fr 100,219.0,1080.5,751.5,1402.0,2254.0,2939.0,3835.5,401.0,5345.0,396.0,2,100,999
2026-08-10T14:22:53,23,1405.5039,miniPAR_miniPAR,fluorcam act1 60 act2 100 fr 100,216.0,1041.0,710.0,1417.0,2189.0,2888.0,3602.0,387.0,5889.0,413.0,2,100,999
2026-08-10T14:23:13,24,1356.0121,miniPAR_ValidDevice_1,fluorcam act1 50 act2 100 fr 100,213.0,1073.0,720.0,1417.0,2225.0,2821.0,3337.0,371.0,5637.0,389.0,2,100,999
2026-08-10T14:23:13,24,1356.0121,miniPAR_ValidDevice_2,fluorcam act1 50 act2 100 fr 100,213.0,1075.0,745.0,1395.0,2246.0,2835.0,3498.0,389.0,5143.5,377.0,2,100,999
2026-08-10T14:23:13,24,1356.0121,miniPAR_miniPAR,fluorcam act1 50 act2 100 fr 100,210.0,1036.0,704.0,1409.0,2181.0,2775.0,3285.0,375.0,5670.0,392.0,2,100,999
2026-08-10T14:23:32,25,1306.6107,miniPAR_ValidDevice_1,fluorcam act1 40 act2 100 fr 100,206.0,1068.0,714.0,1410.0,2217.0,2706.0,3015.0,360.0,5420.5,368.5,2,100,999
2026-08-10T14:23:32,25,1306.6107,miniPAR_ValidDevice_2,fluorcam act1 40 act2 100 fr 100,206.0,1070.0,739.0,1387.0,2238.5,2729.0,3162.0,377.0,4944.5,357.0,2,100,999
2026-08-10T14:23:32,25,1306.6107,miniPAR_miniPAR,fluorcam act1 40 act2 100 fr 100,203.0,1031.0,697.0,1402.0,2173.0,2662.5,2970.0,363.0,5454.0,372.0,2,100,999
2026-08-10T14:23:53,26,1256.6676,miniPAR_ValidDevice_1,fluorcam act1 30 act2 100 fr 100,200.0,1063.0,708.0,1403.0,2209.0,2590.0,2691.0,349.0,5202.5,348.0,2,100,999
2026-08-10T14:23:53,26,1256.6676,miniPAR_ValidDevice_2,fluorcam act1 30 act2 100 fr 100,199.0,1065.0,732.0,1380.0,2231.5,2623.0,2823.0,365.0,4741.5,338.0,2,100,999
2026-08-10T14:23:53,26,1256.6676,miniPAR_miniPAR,fluorcam act1 30 act2 100 fr 100,197.0,1026.0,691.0,1395.0,2166.0,2548.0,2650.0,352.0,5234.0,351.0,2,100,999
2026-08-10T14:24:18,27,1204.6471,miniPAR_ValidDevice_1,fluorcam act1 20 act2 100 fr 100,193.0,1058.0,701.0,1395.0,2201.0,2468.0,2354.0,338.0,4974.5,327.0,2,100,999
2026-08-10T14:24:18,27,1204.6471,miniPAR_ValidDevice_2,fluorcam act1 20 act2 100 fr 100,192.0,1059.0,726.0,1372.0,2223.0,2511.0,2469.0,352.0,4530.0,317.0,2,100,999
2026-08-10T14:24:18,27,1204.6471,miniPAR_miniPAR,fluorcam act1 20 act2 100 fr 100,190.0,1021.0,684.0,1387.0,2157.0,2428.0,2320.0,340.0,5005.0,329.0,2,100,999
2026-08-10T14:24:36,28,1152.4459,miniPAR_ValidDevice_1,fluorcam act1 10 act2 100 fr 100,186.0,1052.0,694.0,1388.0,2193.0,2343.5,2017.0,326.5,4746.0,306.0,2,100,999
2026-08-10T14:24:36,28,1152.4459,miniPAR_ValidDevice_2,fluorcam act1 10 act2 100 fr 100,185.5,1053.0,718.5,1364.5,2215.0,2396.0,2117.0,340.0,4318.0,296.5,2,100,999
2026-08-10T14:24:36,28,1152.4459,miniPAR_miniPAR,fluorcam act1 10 act2 100 fr 100,183.0,1015.0,677.0,1379.0,2149.0,2305.0,1990.0,328.0,4774.5,308.0,2,100,999
2026-08-10T14:24:55,29,1117.4495499999998,miniPAR_ValidDevice_1,fluorcam act1 0 act2 100 fr 100,182.0,1049.0,690.0,1383.0,2187.0,2258.5,1792.0,319.0,4592.0,292.0,2,100,999
2026-08-10T14:24:55,29,1117.4495499999998,miniPAR_ValidDevice_2,fluorcam act1 0 act2 100 fr 100,181.0,1049.0,714.0,1359.0,2210.0,2319.0,1883.0,332.0,4176.0,283.0,2,100,999
2026-08-10T14:24:55,29,1117.4495499999998,miniPAR_miniPAR,fluorcam act1 0 act2 100 fr 100,179.0,1012.0,673.0,1374.0,2144.0,2222.0,1771.0,320.0,4621.0,293.5,2,100,999
2026-08-10T14:25:55,30,1116.8174,miniPAR_ValidDevice_1,fluorcam act1 0 act2 100 fr 90,181.0,1048.0,690.0,1382.0,2186.0,2256.5,1791.0,310.0,4574.5,290.0,2,100,999
2026-08-10T14:25:55,30,1116.8174,miniPAR_ValidDevice_2,fluorcam act1 0 act2 100 fr 90,179.0,1048.0,714.0,1358.0,2208.0,2317.0,1881.0,323.0,4158.0,281.0,2,100,999
2026-08-10T14:25:55,30,1116.8174,miniPAR_miniPAR,fluorcam act1 0 act2 100 fr 90,178.0,1011.0,673.0,1372.0,2142.0,2219.0,1768.5,311.0,4603.0,291.0,2,100,999
2026-08-10T14:26:15,31,1116.4109,miniPAR_ValidDevice_1,fluorcam act1 0 act2 100 fr 80,180.0,1047.0,690.0,1381.0,2184.0,2255.0,1790.0,300.0,4556.5,288.0,2,100,999
2026-08-10T14:26:15,31,1116.4109,miniPAR_ValidDevice_2,fluorcam act1 0 act2 100 fr 80,178.5,1047.0,714.0,1357.0,2207.0,2315.0,1879.0,314.0,4142.5,279.0,2,100,999
2026-08-10T14:26:15,31,1116.4109,miniPAR_miniPAR,fluorcam act1 0 act2 100 fr 80,177.0,1011.0,673.0,1371.0,2140.0,2218.0,1767.0,301.0,4584.0,289.0,2,100,999
2026-08-10T14:26:35,32,1116.2755499999998,miniPAR_ValidDevice_1,fluorcam act1 0 act2 100 fr 70,180.0,1046.5,689.0,1380.0,2184.0,2254.0,1789.0,291.0,4540.0,286.0,2,100,999
2026-08-10T14:26:35,32,1116.2755499999998,miniPAR_ValidDevice_2,fluorcam act1 0 act2 100 fr 70,178.0,1047.0,714.0,1356.0,2205.0,2314.0,1878.5,305.0,4125.5,277.0,2,100,999
2026-08-10T14:26:35,32,1116.2755499999998,miniPAR_miniPAR,fluorcam act1 0 act2 100 fr 70,177.0,1010.0,672.0,1371.0,2139.5,2217.0,1767.0,292.0,4568.0,287.0,2,100,999
2026-08-10T14:28:32,33,1116.8626,miniPAR_ValidDevice_1,fluorcam act1 0 act2 100 fr 60,179.0,1047.0,689.0,1381.0,2185.0,2255.0,1790.0,281.0,4525.0,284.0,2,100,999
2026-08-10T14:28:32,33,1116.8626,miniPAR_ValidDevice_2,fluorcam act1 0 act2 100 fr 60,177.0,1047.0,713.0,1357.0,2206.0,2314.0,1879.0,296.0,4111.5,275.0,2,100,999
2026-08-10T14:28:32,33,1116.8626,miniPAR_miniPAR,fluorcam act1 0 act2 100 fr 60,176.0,1011.0,672.0,1371.0,2140.0,2217.5,1766.5,283.0,4553.0,286.0,2,100,999
2026-08-10T14:28:49,34,1116.7722,miniPAR_ValidDevice_1,fluorcam act1 0 act2 100 fr 50,178.0,1047.0,688.0,1381.0,2184.0,2254.0,1789.0,272.0,4508.0,282.0,2,100,999
2026-08-10T14:28:49,34,1116.7722,miniPAR_ValidDevice_2,fluorcam act1 0 act2 100 fr 50,176.0,1046.0,712.0,1356.0,2205.0,2313.0,1878.0,287.0,4095.0,273.0,2,100,999
2026-08-10T14:28:49,34,1116.7722,miniPAR_miniPAR,fluorcam act1 0 act2 100 fr 50,175.0,1010.0,671.0,1371.0,2139.0,2217.0,1766.0,273.0,4536.0,284.0,2,100,999
2026-08-10T14:29:09,35,1116.72705,miniPAR_ValidDevice_1,fluorcam act1 0 act2 100 fr 40,178.0,1046.0,687.0,1380.0,2183.0,2253.5,1788.0,262.0,4491.0,280.0,2,100,999
2026-08-10T14:29:09,35,1116.72705,miniPAR_ValidDevice_2,fluorcam act1 0 act2 100 fr 40,176.5,1046.0,711.0,1355.5,2204.0,2312.5,1877.0,278.0,4078.0,271.0,2,100,999
2026-08-10T14:29:09,35,1116.72705,miniPAR_miniPAR,fluorcam act1 0 act2 100 fr 40,175.0,1010.0,670.0,1370.0,2138.0,2215.5,1765.0,264.0,4519.0,282.0,2,100,999
2026-08-10T14:29:27,36,1116.6367500000001,miniPAR_ValidDevice_1,fluorcam act1 0 act2 100 fr 30,177.0,1045.0,686.0,1379.0,2182.0,2252.5,1787.0,252.0,4472.0,278.0,2,100,999
2026-08-10T14:29:27,36,1116.6367500000001,miniPAR_ValidDevice_2,fluorcam act1 0 act2 100 fr 30,175.0,1045.0,711.0,1355.0,2203.5,2311.5,1876.0,269.0,4063.0,269.0,2,100,999
2026-08-10T14:29:27,36,1116.6367500000001,miniPAR_miniPAR,fluorcam act1 0 act2 100 fr 30,174.0,1009.0,670.0,1370.0,2138.0,2215.0,1764.0,255.0,4502.0,280.0,2,100,999
2026-08-10T14:29:42,37,1116.5014,miniPAR_ValidDevice_1,fluorcam act1 0 act2 100 fr 20,176.0,1045.0,686.0,1379.0,2182.0,2251.5,1786.0,243.0,4455.0,276.0,2,100,999
2026-08-10T14:29:42,37,1116.5014,miniPAR_ValidDevice_2,fluorcam act1 0 act2 100 fr 20,175.0,1045.0,710.0,1355.0,2203.0,2311.0,1875.0,260.0,4047.0,267.0,2,100,999
2026-08-10T14:29:42,37,1116.5014,miniPAR_miniPAR,fluorcam act1 0 act2 100 fr 20,173.0,1009.0,669.0,1369.0,2137.0,2214.0,1764.0,246.0,4484.0,278.0,2,100,999
2026-08-10T14:29:59,38,1116.5465,miniPAR_ValidDevice_1,fluorcam act1 0 act2 100 fr 10,176.0,1044.5,685.0,1379.0,2181.0,2251.0,1786.0,233.0,4438.5,274.0,2,100,999
2026-08-10T14:29:59,38,1116.5465,miniPAR_ValidDevice_2,fluorcam act1 0 act2 100 fr 10,175.0,1044.0,709.0,1354.0,2201.5,2310.0,1874.5,251.0,4029.5,265.0,2,100,999
2026-08-10T14:29:59,38,1116.5465,miniPAR_miniPAR,fluorcam act1 0 act2 100 fr 10,173.0,1008.0,668.0,1369.0,2136.0,2213.0,1762.0,236.0,4466.5,276.0,2,100,999
2026-08-10T14:30:16,39,1116.3207,miniPAR_ValidDevice_1,fluorcam act1 0 act2 100 fr 0,175.0,1044.0,684.0,1378.0,2180.0,2250.0,1784.5,226.0,4423.0,273.0,2,100,999
2026-08-10T14:30:16,39,1116.3207,miniPAR_ValidDevice_2,fluorcam act1 0 act2 100 fr 0,174.0,1043.0,709.0,1354.0,2201.0,2309.0,1874.0,244.0,4016.5,263.0,2,100,999
2026-08-10T14:30:16,39,1116.3207,miniPAR_miniPAR,fluorcam act1 0 act2 100 fr 0,172.0,1007.0,668.0,1368.0,2135.0,2212.0,1761.0,229.0,4451.5,274.0,2,100,999
2026-08-10T14:41:50,40,345.812636,miniPAR_ValidDevice_1,outside no filter,182.0,320.0,422.5,474.5,486.0,515.0,677.5,909.0,3108.0,2244.5,2,100,999
2026-08-10T14:41:50,40,345.812636,miniPAR_ValidDevice_2,outside no filter,182.0,325.0,429.5,481.5,493.5,526.0,683.5,914.0,2893.5,2256.5,2,100,999
2026-08-10T14:41:50,40,345.812636,miniPAR_miniPAR,outside no filter,177.0,314.5,419.5,478.5,481.5,514.5,677.5,893.0,3152.0,2251.5,2,100,999
2026-08-10T14:41:56,41,336.961924,miniPAR_ValidDevice_1,outside no filter,177.0,312.0,412.0,462.0,472.5,500.5,657.5,882.5,3022.0,2181.0,2,100,999
2026-08-10T14:41:56,41,336.961924,miniPAR_ValidDevice_2,outside no filter,177.5,317.0,419.5,469.5,480.5,512.5,664.5,888.5,2817.5,2195.0,2,100,999
2026-08-10T14:41:56,41,336.961924,miniPAR_miniPAR,outside no filter,173.0,306.5,409.0,465.5,468.0,499.5,657.0,866.0,3062.5,2186.5,2,100,999
2026-08-10T14:42:04,42,334.11704,miniPAR_ValidDevice_1,outside no filter,176.0,310.0,408.5,458.0,468.5,496.0,652.0,875.0,2999.5,2168.0,2,100,999
2026-08-10T14:42:04,42,334.11704,miniPAR_ValidDevice_2,outside no filter,176.0,315.0,416.0,466.0,477.0,508.0,659.0,881.0,2798.0,2183.5,2,100,999
2026-08-10T14:42:04,42,334.11704,miniPAR_miniPAR,outside no filter,171.0,304.0,406.0,462.0,464.0,495.5,652.0,860.0,3042.5,2174.5,2,100,999
2026-08-10T14:42:47,43,311.99029,miniPAR_ValidDevice_1,outside no filter,164.0,290.5,382.0,426.5,435.5,459.5,602.0,805.5,2775.5,1991.5,2,100,999
2026-08-10T14:42:47,43,311.99029,miniPAR_ValidDevice_2,outside no filter,164.0,295.0,388.5,433.5,442.5,469.5,608.0,810.0,2585.5,2003.5,2,100,999
2026-08-10T14:42:47,43,311.99029,miniPAR_miniPAR,outside no filter,159.5,285.0,379.0,429.5,430.5,458.0,601.0,790.5,2811.0,1994.0,2,100,999
2026-08-10T14:42:55,44,305.80385,miniPAR_ValidDevice_1,outside no filter,161.0,286.0,375.0,419.0,427.0,450.0,589.0,788.0,2720.0,1946.5,2,100,999
2026-08-10T14:42:55,44,305.80385,miniPAR_ValidDevice_2,outside no filter,161.0,290.0,381.0,424.5,433.0,459.0,594.0,791.0,2529.0,1954.5,2,100,999
2026-08-10T14:42:55,44,305.80385,miniPAR_miniPAR,outside no filter,156.0,280.0,372.0,421.0,422.0,448.0,587.0,771.5,2749.0,1946.0,2,100,999
2026-08-10T14:43:10,45,299.52706,miniPAR_ValidDevice_1,outside no filter,158.0,280.5,368.0,410.0,418.0,440.0,575.5,768.5,2657.0,1897.5,2,100,999
2026-08-10T14:43:10,45,299.52706,miniPAR_ValidDevice_2,outside no filter,158.0,284.0,374.0,416.0,423.0,448.0,579.0,770.5,2467.5,1902.5,2,100,999
2026-08-10T14:43:10,45,299.52706,miniPAR_miniPAR,outside no filter,153.0,274.0,364.0,412.0,412.0,437.0,573.0,751.0,2683.0,1894.5,2,100,999
2026-08-10T14:44:06,46,99.83304,miniPAR_ValidDevice_1,outside 3310 fluorofilter,91.0,103.0,91.0,104.0,153.0,273.0,379.0,481.0,1693.0,1623.5,2,100,999
2026-08-10T14:44:06,46,99.83304,miniPAR_ValidDevice_2,outside 3310 fluorofilter,91.0,103.0,91.0,103.0,148.0,267.0,372.0,468.0,1548.5,1591.5,2,100,999
2026-08-10T14:44:06,46,99.83304,miniPAR_miniPAR,outside 3310 fluorofilter,85.0,98.0,88.0,102.0,144.0,259.0,358.5,448.0,1629.5,1549.0,2,100,999
2026-08-10T14:44:41,47,56.697147,miniPAR_ValidDevice_1,outside 325 henna sky,74.0,79.5,87.0,90.0,84.0,142.0,281.0,573.0,1572.5,1593.0,2,100,999
2026-08-10T14:44:41,47,56.697147,miniPAR_ValidDevice_2,outside 325 henna sky,80.0,84.0,92.0,96.0,88.0,147.5,290.0,592.5,1539.0,1660.0,2,100,999
2026-08-10T14:44:41,47,56.697147,miniPAR_miniPAR,outside 325 henna sky,73.0,80.0,87.5,92.5,83.0,144.0,283.0,564.5,1600.5,1606.0,2,100,999
2026-08-10T14:44:55,48,58.763064,miniPAR_ValidDevice_1,outside 325 henna sky,75.0,80.0,89.0,91.0,85.0,146.0,289.0,588.5,1596.0,1607.0,2,100,999
2026-08-10T14:44:55,48,58.763064,miniPAR_ValidDevice_2,outside 325 henna sky,79.0,84.0,92.0,96.5,89.0,148.0,294.0,599.0,1538.0,1649.5,2,100,999
2026-08-10T14:44:55,48,58.763064,miniPAR_miniPAR,outside 325 henna sky,74.0,81.0,89.0,94.0,85.0,147.0,291.0,581.0,1629.0,1624.5,2,100,999
2026-08-10T14:45:03,49,58.853377,miniPAR_ValidDevice_1,outside 325 henna sky,75.0,80.0,88.0,91.0,85.0,145.0,288.5,587.0,1584.0,1590.0,2,100,999
2026-08-10T14:45:03,49,58.853377,miniPAR_ValidDevice_2,outside 325 henna sky,79.0,83.0,92.0,96.0,88.0,148.0,293.5,598.5,1529.0,1636.0,2,100,999
2026-08-10T14:45:03,49,58.853377,miniPAR_miniPAR,outside 325 henna sky,74.0,81.0,89.0,94.0,84.0,147.0,290.5,580.0,1619.5,1610.5,2,100,999
2026-08-10T14:45:10,50,58.8872438,miniPAR_ValidDevice_1,outside 325 henna sky,74.0,79.0,88.0,90.0,84.0,144.5,288.0,586.5,1575.5,1579.5,2,100,999
2026-08-10T14:45:10,50,58.8872438,miniPAR_ValidDevice_2,outside 325 henna sky,78.0,83.0,91.0,95.5,88.0,147.0,293.0,597.0,1520.0,1622.5,2,100,999
2026-08-10T14:45:10,50,58.8872438,miniPAR_miniPAR,outside 325 henna sky,73.0,80.0,88.0,93.0,84.0,146.0,290.0,578.5,1609.0,1597.0,2,100,999
2026-08-10T14:45:17,51,58.97756,miniPAR_ValidDevice_1,outside 325 henna sky,74.0,79.0,87.0,90.0,84.0,144.0,288.0,586.0,1568.0,1568.5,2,100,999
2026-08-10T14:45:17,51,58.97756,miniPAR_ValidDevice_2,outside 325 henna sky,78.0,82.0,91.0,95.0,87.0,147.0,292.0,595.5,1510.0,1608.0,2,100,999
2026-08-10T14:45:17,51,58.97756,miniPAR_miniPAR,outside 325 henna sky,73.0,80.0,88.0,93.0,84.0,146.0,290.0,579.5,1604.5,1589.5,2,100,999
2026-08-10T14:46:36,52,1590.3752,miniPAR_ValidDevice_1,outside no filter,805.0,1357.0,1852.0,2170.5,2302.5,2543.0,3456.0,4790.0,14918.5,11335.0,2,100,999
2026-08-10T14:46:36,52,1590.3752,miniPAR_ValidDevice_2,outside no filter,808.0,1364.0,1867.0,2185.5,2321.5,2575.0,3455.5,4779.0,13809.0,11269.5,2,100,999
2026-08-10T14:46:36,52,1590.3752,miniPAR_miniPAR,outside no filter,787.0,1326.5,1828.5,2177.0,2272.0,2523.5,3435.0,4678.5,15051.0,11340.0,2,100,999
2026-08-10T14:46:54,53,1580.44075,miniPAR_ValidDevice_1,outside no filter,797.5,1347.5,1840.0,2154.5,2283.5,2520.5,3421.5,4738.0,14751.0,11164.5,2,100,999
2026-08-10T14:46:54,53,1580.44075,miniPAR_ValidDevice_2,outside no filter,799.5,1354.0,1854.5,2168.5,2302.5,2551.0,3420.5,4726.0,13651.0,11101.0,2,100,999
2026-08-10T14:46:54,53,1580.44075,miniPAR_miniPAR,outside no filter,779.0,1318.0,1816.5,2161.0,2253.5,2500.0,3400.5,4626.0,14878.5,11169.0,2,100,999
2026-08-10T14:47:00,54,1583.37595,miniPAR_ValidDevice_1,outside no filter,798.5,1352.0,1846.0,2161.0,2290.5,2527.0,3428.5,4744.5,14781.5,11203.0,2,100,999
2026-08-10T14:47:00,54,1583.37595,miniPAR_ValidDevice_2,outside no filter,801.0,1359.0,1860.0,2175.0,2308.5,2558.5,3428.5,4735.5,13683.0,11140.0,2,100,999
2026-08-10T14:47:00,54,1583.37595,miniPAR_miniPAR,outside no filter,780.0,1322.0,1821.5,2166.0,2259.0,2507.0,3408.0,4634.0,14912.5,11205.5,2,100,999
2026-08-10T14:47:10,55,1588.2077,miniPAR_ValidDevice_1,outside no filter,801.5,1357.0,1852.5,2167.5,2300.0,2538.0,3444.0,4767.0,14847.5,11264.0,2,100,999
2026-08-10T14:47:10,55,1588.2077,miniPAR_ValidDevice_2,outside no filter,804.5,1364.5,1867.0,2182.5,2318.5,2569.5,3444.5,4757.0,13747.0,11198.5,2,100,999
2026-08-10T14:47:10,55,1588.2077,miniPAR_miniPAR,outside no filter,783.5,1327.0,1828.5,2174.0,2268.5,2517.5,3422.0,4653.5,14975.0,11264.5,2,100,999
2026-08-10T14:47:55,56,950.5957900000001,miniPAR_ValidDevice_1,outside 34 floral pink,630.0,892.5,1041.5,974.5,1101.5,1959.5,3110.0,4369.0,12011.5,10397.0,2,100,999
2026-08-10T14:47:55,56,950.5957900000001,miniPAR_ValidDevice_2,outside 34 floral pink,651.0,920.0,1078.0,1008.0,1124.0,1997.0,3182.0,4468.0,11442.5,10562.0,2,100,999
2026-08-10T14:47:55,56,950.5957900000001,miniPAR_miniPAR,outside 34 floral pink,616.5,877.5,1033.0,987.5,1091.0,1946.0,3087.0,4261.5,12120.5,10411.5,2,100,999
2026-08-10T14:48:12,57,934.429684,miniPAR_ValidDevice_1,outside 34 floral pink,620.5,880.5,1027.5,960.5,1086.0,1933.0,3068.0,4306.0,11838.0,10236.5,2,100,999
2026-08-10T14:48:12,57,934.429684,miniPAR_ValidDevice_2,outside 34 floral pink,627.0,891.0,1046.0,978.0,1090.0,1929.5,3066.0,4297.0,11033.5,10195.0,2,100,999
2026-08-10T14:48:12,57,934.429684,miniPAR_miniPAR,outside 34 floral pink,607.5,865.5,1017.5,970.5,1074.0,1920.0,3046.0,4200.5,11944.0,10260.5,2,100,999
2026-08-10T14:48:19,58,932.62345,miniPAR_ValidDevice_1,outside 34 floral pink,619.0,879.0,1026.0,958.5,1082.0,1926.5,3056.0,4289.5,11797.5,10228.0,2,100,999
2026-08-10T14:48:19,58,932.62345,miniPAR_ValidDevice_2,outside 34 floral pink,625.5,889.5,1044.5,976.0,1088.0,1925.0,3056.0,4281.5,11002.0,10189.5,2,100,999
2026-08-10T14:48:19,58,932.62345,miniPAR_miniPAR,outside 34 floral pink,608.0,868.0,1020.0,973.0,1073.5,1919.0,3042.5,4197.5,11940.0,10281.5,2,100,999
2026-08-10T14:48:28,59,918.850648,miniPAR_ValidDevice_1,outside 34 floral pink,608.0,865.0,1008.5,942.5,1065.5,1896.0,3006.5,4217.5,11601.0,10052.5,2,100,999
2026-08-10T14:48:28,59,918.850648,miniPAR_ValidDevice_2,outside 34 floral pink,617.5,878.5,1031.5,963.0,1073.0,1902.0,3019.5,4228.0,10857.0,10040.0,2,100,999
2026-08-10T14:48:28,59,918.850648,miniPAR_miniPAR,outside 34 floral pink,594.0,848.5,997.5,951.5,1052.0,1878.0,2973.5,4098.5,11665.0,10036.0,2,100,999
2026-08-10T14:49:15,60,343.64512,miniPAR_ValidDevice_1,outside 89 moss green,340.0,399.0,678.5,1220.0,1078.5,792.0,548.5,443.0,7053.0,9922.5,2,100,999
2026-08-10T14:49:15,60,343.64512,miniPAR_ValidDevice_2,outside 89 moss green,350.0,412.0,692.0,1231.0,1116.0,841.5,589.0,482.0,6651.0,9847.5,2,100,999
2026-08-10T14:49:15,60,343.64512,miniPAR_miniPAR,outside 89 moss green,332.0,398.0,663.0,1205.5,1042.0,774.0,545.5,444.0,7059.0,9893.5,2,100,999
2026-08-10T14:49:22,61,339.44554000000005,miniPAR_ValidDevice_1,outside 89 moss green,337.0,395.0,669.0,1205.0,1062.5,779.5,540.0,436.5,6985.0,9882.5,2,100,999
2026-08-10T14:49:22,61,339.44554000000005,miniPAR_ValidDevice_2,outside 89 moss green,352.5,412.0,698.5,1245.5,1127.5,849.0,584.0,467.5,6710.0,9969.0,2,100,999
2026-08-10T14:49:22,61,339.44554000000005,miniPAR_miniPAR,outside 89 moss green,330.0,394.0,659.0,1198.0,1035.5,769.0,539.0,437.0,7008.0,9846.0,2,100,999
2026-08-10T14:49:29,62,336.37488399999995,miniPAR_ValidDevice_1,outside 89 moss green,335.0,392.5,664.5,1196.5,1054.5,773.5,536.0,433.0,6928.5,9800.5,2,100,999
2026-08-10T14:49:29,62,336.37488399999995,miniPAR_ValidDevice_2,outside 89 moss green,349.5,408.0,692.5,1234.0,1118.0,841.5,579.5,463.5,6655.5,9892.0,2,100,999
2026-08-10T14:49:29,62,336.37488399999995,miniPAR_miniPAR,outside 89 moss green,327.0,391.0,653.0,1187.0,1027.0,763.0,536.5,435.0,6943.0,9743.5,2,100,999
2026-08-10T14:49:36,63,335.11052,miniPAR_ValidDevice_1,outside 89 moss green,335.0,392.5,663.5,1194.0,1052.5,773.0,536.0,433.0,6924.0,9800.5,2,100,999
2026-08-10T14:49:36,63,335.11052,miniPAR_ValidDevice_2,outside 89 moss green,349.0,408.0,691.0,1232.0,1115.0,840.0,578.0,463.0,6644.5,9884.5,2,100,999
2026-08-10T14:49:36,63,335.11052,miniPAR_miniPAR,outside 89 moss green,326.5,390.5,652.0,1185.0,1024.5,761.0,534.0,433.0,6940.0,9749.5,2,100,999
2026-08-10T14:49:54,64,1544.496,miniPAR_ValidDevice_1,outside no filter,772.5,1326.0,1808.0,2107.0,2223.5,2453.0,3318.0,4580.0,14312.0,10961.0,2,100,999
2026-08-10T14:49:54,64,1544.496,miniPAR_ValidDevice_2,outside no filter,775.5,1333.5,1822.5,2121.5,2243.0,2485.5,3320.5,4573.0,13257.5,10906.0,2,100,999
2026-08-10T14:49:54,64,1544.496,miniPAR_miniPAR,outside no filter,758.0,1299.0,1786.5,2116.0,2196.0,2435.5,3301.0,4478.5,14454.0,10982.0,2,100,999
2026-08-10T14:50:06,65,1540.4771,miniPAR_ValidDevice_1,outside no filter,773.5,1323.5,1802.0,2100.5,2225.0,2455.5,3323.0,4589.0,14342.0,11017.5,2,100,999
2026-08-10T14:50:06,65,1540.4771,miniPAR_ValidDevice_2,outside no filter,775.5,1329.5,1816.0,2114.5,2243.0,2488.0,3325.0,4581.0,13285.0,10958.5,2,100,999
2026-08-10T14:50:06,65,1540.4771,miniPAR_miniPAR,outside no filter,757.0,1295.0,1780.5,2109.0,2196.5,2438.0,3304.5,4484.0,14480.0,11032.0,2,100,999
2026-08-10T14:50:27,66,1583.0599,miniPAR_ValidDevice_1,outside no filter,799.0,1360.5,1852.5,2161.0,2286.5,2526.0,3419.5,4726.5,14768.0,11376.5,2,100,999
2026-08-10T14:50:27,66,1583.0599,miniPAR_ValidDevice_2,outside no filter,802.0,1367.0,1866.5,2175.5,2305.0,2557.0,3421.0,4718.0,13673.5,11308.0,2,100,999
2026-08-10T14:50:27,66,1583.0599,miniPAR_miniPAR,outside no filter,781.0,1332.0,1831.0,2171.0,2257.0,2506.0,3400.5,4617.0,14906.0,11390.0,2,100,999
2026-08-10T14:50:35,67,1588.8850499999999,miniPAR_ValidDevice_1,outside no filter,804.0,1367.0,1860.5,2172.5,2297.0,2538.0,3437.5,4753.0,14845.0,11449.0,2,100,999
2026-08-10T14:50:35,67,1588.8850499999999,miniPAR_ValidDevice_2,outside no filter,807.0,1374.0,1875.0,2186.5,2315.5,2570.0,3438.5,4743.0,13748.0,11378.5,2,100,999
2026-08-10T14:50:35,67,1588.8850499999999,miniPAR_miniPAR,outside no filter,786.0,1338.0,1839.0,2180.5,2269.0,2521.5,3419.5,4645.0,14995.5,11471.5,2,100,999
2026-08-10T14:51:46,68,1886.64796,miniPAR_ValidDevice_1,outside no filter angle,981.0,1664.5,2270.5,2659.0,2816.5,3120.5,4231.5,5854.0,18310.5,14297.5,2,100,999
2026-08-10T14:51:46,68,1886.64796,miniPAR_ValidDevice_2,outside no filter angle,989.5,1679.0,2296.5,2687.5,2851.0,3174.0,4252.5,5871.0,17030.0,14263.5,2,100,999
2026-08-10T14:51:46,68,1886.64796,miniPAR_miniPAR,outside no filter angle,961.5,1631.0,2244.5,2671.5,2780.5,3099.0,4209.0,5723.0,18488.0,14326.0,2,100,999
2026-08-10T14:51:53,69,1874.63624,miniPAR_ValidDevice_1,outside no filter angle,976.0,1655.0,2257.5,2642.5,2801.0,3102.5,4205.5,5817.0,18197.0,14205.5,2,100,999
2026-08-10T14:51:53,69,1874.63624,miniPAR_ValidDevice_2,outside no filter angle,983.5,1669.5,2282.5,2670.5,2833.5,3154.0,4224.0,5831.0,16917.0,14168.5,2,100,999
2026-08-10T14:51:53,69,1874.63624,miniPAR_miniPAR,outside no filter angle,956.5,1621.5,2230.5,2655.0,2766.0,3081.5,4184.0,5686.5,18379.5,14233.5,2,100,999
2026-08-10T14:52:06,70,1878.6554,miniPAR_ValidDevice_1,outside no filter angle,976.5,1657.5,2260.0,2645.0,2804.0,3105.0,4208.5,5819.0,18208.5,14214.5,2,100,999
2026-08-10T14:52:06,70,1878.6554,miniPAR_ValidDevice_2,outside no filter angle,983.5,1671.0,2284.5,2673.0,2836.0,3155.5,4225.0,5831.5,16920.5,14168.0,2,100,999
2026-08-10T14:52:06,70,1878.6554,miniPAR_miniPAR,outside no filter angle,957.0,1623.5,2233.5,2657.5,2769.5,3084.5,4188.0,5691.5,18394.0,14241.5,2,100,999
2026-08-10T14:52:13,71,1981.6577,miniPAR_ValidDevice_1,outside no filter angle,1048.0,1764.5,2406.5,2825.0,3001.0,3332.0,4519.0,6258.5,19606.0,15476.5,2,100,999
2026-08-10T14:52:13,71,1981.6577,miniPAR_ValidDevice_2,outside no filter angle,1071.0,1805.5,2469.0,2897.0,3079.0,3436.0,4604.0,6363.5,18490.5,15642.0,2,100,999
2026-08-10T14:52:13,71,1981.6577,miniPAR_miniPAR,outside no filter angle,1027.0,1731.0,2382.0,2841.5,2965.5,3312.5,4501.0,6125.0,19817.5,15495.5,2,100,999
2026-08-10T14:52:24,72,2013.71896,miniPAR_ValidDevice_1,outside no filter angle,1066.5,1798.0,2452.5,2879.0,3056.0,3393.0,4602.0,6374.0,19957.0,15752.5,2,100,999
2026-08-10T14:52:24,72,2013.71896,miniPAR_ValidDevice_2,outside no filter angle,1085.5,1831.0,2504.0,2936.5,3120.5,3482.5,4666.0,6448.0,18734.0,15853.0,2,100,999
2026-08-10T14:52:24,72,2013.71896,miniPAR_miniPAR,outside no filter angle,1046.5,1766.0,2430.0,2898.0,3024.0,3378.5,4589.0,6243.5,20203.0,15797.5,2,100,999
2026-08-10T14:52:31,73,2030.7429,miniPAR_ValidDevice_1,outside no filter angle,1075.0,1812.0,2472.5,2902.0,3080.0,3419.0,4636.0,6419.0,20097.0,15839.5,2,100,999
2026-08-10T14:52:31,73,2030.7429,miniPAR_ValidDevice_2,outside no filter angle,1093.5,1846.0,2525.5,2962.0,3146.0,3510.0,4701.5,6494.0,18862.0,15936.0,2,100,999
2026-08-10T14:52:31,73,2030.7429,miniPAR_miniPAR,outside no filter angle,1054.0,1780.5,2450.0,2921.5,3048.0,3403.0,4621.5,6286.0,20330.0,15887.5,2,100,999
2026-08-10T14:53:46,74,208.58156,miniPAR_ValidDevice_1,outside no filter angle,108.0,195.0,252.0,275.0,276.0,292.0,383.0,514.0,1795.0,1360.5,2,100,999
2026-08-10T14:53:46,74,208.58156,miniPAR_ValidDevice_2,outside no filter angle,115.0,205.0,265.0,292.0,293.0,317.0,419.5,571.0,1794.5,1463.5,2,100,999
2026-08-10T14:53:46,74,208.58156,miniPAR_miniPAR,outside no filter angle,107.0,191.5,250.0,278.0,274.0,294.0,387.0,512.5,1837.0,1380.5,2,100,999
2026-08-10T14:54:06,75,212.148938,miniPAR_ValidDevice_1,outside no filter angle,110.0,198.0,256.5,279.5,281.0,297.0,388.5,520.5,1822.5,1379.5,2,100,999
2026-08-10T14:54:06,75,212.148938,miniPAR_ValidDevice_2,outside no filter angle,116.0,208.0,269.0,296.5,297.5,321.0,424.0,576.0,1813.0,1475.0,2,100,999
2026-08-10T14:54:06,75,212.148938,miniPAR_miniPAR,outside no filter angle,108.0,194.5,254.0,283.0,278.5,298.5,393.0,518.5,1862.5,1395.0,2,100,999
2026-08-10T14:54:14,76,1249.75855,miniPAR_ValidDevice_1,outside no filter angle,607.5,1036.5,1406.0,1633.5,1717.5,1891.0,2554.5,3525.5,11090.5,8508.5,2,100,999
2026-08-10T14:54:14,76,1249.75855,miniPAR_ValidDevice_2,outside no filter angle,610.0,1044.0,1420.0,1647.5,1736.0,1921.0,2566.0,3533.0,10296.0,8476.0,2,100,999
2026-08-10T14:54:14,76,1249.75855,miniPAR_miniPAR,outside no filter angle,592.0,1013.0,1387.0,1637.0,1692.5,1875.5,2538.0,3440.5,11172.5,8510.0,2,100,999
2026-08-10T14:54:23,77,1229.48325,miniPAR_ValidDevice_1,outside no filter angle,595.0,1017.5,1380.0,1602.5,1682.5,1852.0,2501.5,3449.5,10859.5,8326.0,2,100,999
2026-08-10T14:54:23,77,1229.48325,miniPAR_ValidDevice_2,outside no filter angle,597.5,1024.5,1394.0,1616.5,1703.0,1884.0,2515.5,3462.0,10094.5,8303.5,2,100,999
2026-08-10T14:54:23,77,1229.48325,miniPAR_miniPAR,outside no filter angle,580.5,994.0,1361.5,1606.0,1659.0,1837.0,2486.0,3367.5,10941.5,8326.0,2,100,999
2026-08-10T14:54:34,78,763.2407800000001,miniPAR_ValidDevice_1,outside no filter angle,344.5,597.5,803.5,922.0,961.5,1050.0,1409.5,1932.0,6171.0,4675.0,2,100,999
2026-08-10T14:54:34,78,763.2407800000001,miniPAR_ValidDevice_2,outside no filter angle,345.0,601.5,812.0,931.0,972.0,1067.0,1417.0,1940.0,5729.0,4659.0,2,100,999
2026-08-10T14:54:34,78,763.2407800000001,miniPAR_miniPAR,outside no filter angle,331.5,578.0,785.0,915.0,938.5,1030.5,1385.5,1865.5,6150.0,4609.0,2,100,999
2026-08-10T14:54:44,79,2033.6780800000001,miniPAR_ValidDevice_1,outside no filter angle,1078.0,1810.0,2469.5,2901.5,3082.0,3419.5,4636.5,6423.5,20132.5,15826.0,2,100,999
2026-08-10T14:54:44,79,2033.6780800000001,miniPAR_ValidDevice_2,outside no filter angle,1097.0,1844.0,2522.5,2961.5,3150.0,3513.0,4707.0,6506.0,18915.0,15952.5,2,100,999
2026-08-10T14:54:44,79,2033.6780800000001,miniPAR_miniPAR,outside no filter angle,1056.0,1775.5,2443.5,2916.5,3045.5,3400.0,4618.5,6286.0,20350.5,15877.0,2,100,999
2026-08-10T14:54:51,80,2031.9621000000002,miniPAR_ValidDevice_1,outside no filter angle,1075.5,1807.5,2466.5,2896.5,3076.5,3413.0,4627.0,6408.5,20088.0,15787.5,2,100,999
2026-08-10T14:54:51,80,2031.9621000000002,miniPAR_ValidDevice_2,outside no filter angle,1094.5,1841.5,2519.5,2957.5,3142.5,3505.0,4696.0,6489.5,18869.5,15910.0,2,100,999
2026-08-10T14:54:51,80,2031.9621000000002,miniPAR_miniPAR,outside no filter angle,1053.5,1773.5,2441.0,2913.0,3039.0,3392.0,4608.0,6270.5,20297.5,15830.5,2,100,999
2026-08-10T14:54:59,81,2024.1049600000001,miniPAR_ValidDevice_1,outside no filter angle,1071.0,1801.0,2457.0,2885.5,3063.0,3398.5,4607.5,6381.0,20005.0,15732.0,2,100,999
2026-08-10T14:54:59,81,2024.1049600000001,miniPAR_ValidDevice_2,outside no filter angle,1089.5,1835.5,2510.5,2945.0,3132.0,3493.0,4678.0,6465.0,18803.0,15866.0,2,100,999
2026-08-10T14:54:59,81,2024.1049600000001,miniPAR_miniPAR,outside no filter angle,1049.0,1766.5,2431.0,2901.5,3027.0,3379.0,4589.0,6245.0,20219.0,15776.0,2,100,999
2026-08-10T14:55:12,82,1555.7851500000002,miniPAR_ValidDevice_1,outside no filter angle,797.0,1334.0,1813.0,2127.5,2252.5,2501.5,3383.5,4690.5,14856.0,11857.0,2,100,999
2026-08-10T14:55:12,82,1555.7851500000002,miniPAR_ValidDevice_2,outside no filter angle,824.5,1382.5,1885.5,2209.5,2345.5,2617.5,3501.5,4841.0,14195.0,12127.0,2,100,999
2026-08-10T14:55:12,82,1555.7851500000002,miniPAR_miniPAR,outside no filter angle,783.0,1312.0,1798.5,2145.0,2233.5,2495.0,3382.0,4606.0,15058.0,11925.5,2,100,999
2026-08-10T14:55:24,83,935.513468,miniPAR_ValidDevice_1,outside no filter angle,451.5,759.5,1023.0,1190.0,1249.5,1382.5,1862.5,2580.0,8312.5,6675.0,2,100,999
2026-08-10T14:55:24,83,935.513468,miniPAR_ValidDevice_2,outside no filter angle,474.5,802.0,1085.5,1262.5,1329.0,1478.5,1971.5,2723.5,8091.0,6938.5,2,100,999
2026-08-10T14:55:24,83,935.513468,miniPAR_miniPAR,outside no filter angle,441.5,745.5,1013.0,1198.0,1237.5,1377.5,1860.0,2530.0,8403.5,6682.5,2,100,999
2026-08-10T14:55:43,84,133.9489,miniPAR_ValidDevice_1,outside no filter angle,84.0,128.5,167.0,195.5,208.0,236.0,312.0,437.5,1551.5,1513.0,2,100,999
2026-08-10T14:55:43,84,133.9489,miniPAR_ValidDevice_2,outside no filter angle,86.5,132.0,171.5,202.0,214.0,244.0,319.0,447.5,1478.0,1547.5,2,100,999
2026-08-10T14:55:43,84,133.9489,miniPAR_miniPAR,outside no filter angle,87.0,133.0,172.5,208.0,216.0,248.5,329.5,455.5,1663.0,1621.0,2,100,999
2026-08-10T14:55:49,85,133.011885,miniPAR_ValidDevice_1,outside no filter angle,83.0,127.5,165.5,194.5,207.0,235.0,311.0,436.0,1548.0,1512.0,2,100,999
2026-08-10T14:55:49,85,133.011885,miniPAR_ValidDevice_2,outside no filter angle,86.0,131.5,171.0,201.5,214.0,244.5,319.0,446.5,1478.0,1550.0,2,100,999
2026-08-10T14:55:49,85,133.011885,miniPAR_miniPAR,outside no filter angle,86.5,132.0,171.5,207.0,216.0,248.0,329.0,454.0,1661.0,1622.5,2,100,999
2026-08-10T14:55:57,86,133.158645,miniPAR_ValidDevice_1,outside no filter angle,83.0,127.0,165.0,194.0,206.5,234.5,310.5,435.0,1545.5,1512.0,2,100,999
2026-08-10T14:55:57,86,133.158645,miniPAR_ValidDevice_2,outside no filter angle,86.0,131.0,171.0,201.0,213.5,243.5,318.5,446.0,1476.0,1549.5,2,100,999
2026-08-10T14:55:57,86,133.158645,miniPAR_miniPAR,outside no filter angle,86.5,132.0,171.0,206.5,215.5,247.5,328.0,453.0,1658.0,1622.0,2,100,999
2026-08-10T14:56:31,87,131.88296,miniPAR_ValidDevice_1,outside no filter angle,83.0,126.0,164.0,192.5,205.5,233.5,309.0,434.5,1541.0,1508.5,2,100,999
2026-08-10T14:56:31,87,131.88296,miniPAR_ValidDevice_2,outside no filter angle,86.0,130.0,169.0,199.0,212.0,242.5,316.5,444.5,1469.5,1546.0,2,100,999
2026-08-10T14:56:31,87,131.88296,miniPAR_miniPAR,outside no filter angle,86.0,131.0,170.0,205.0,214.5,247.5,327.5,452.5,1657.0,1627.5,2,100,999
2026-08-10T14:56:50,88,1370.4171000000001,miniPAR_ValidDevice_1,outside no filter angle,668.5,1140.5,1550.5,1805.0,1900.5,2093.0,2828.5,3901.0,12265.0,9417.0,2,100,999
2026-08-10T14:56:50,88,1370.4171000000001,miniPAR_ValidDevice_2,outside no filter angle,667.5,1141.5,1554.5,1807.0,1905.0,2109.5,2813.0,3871.5,11306.5,9361.5,2,100,999
2026-08-10T14:56:50,88,1370.4171000000001,miniPAR_miniPAR,outside no filter angle,649.0,1108.5,1519.0,1795.5,1857.0,2059.0,2784.0,3774.0,12269.5,9399.0,2,100,999
2026-08-10T14:57:17,89,969.4712,miniPAR_ValidDevice_1,outside no filter angle,454.5,774.5,1047.5,1215.0,1280.0,1406.5,1894.5,2608.5,8268.0,6348.0,2,100,999
2026-08-10T14:57:17,89,969.4712,miniPAR_ValidDevice_2,outside no filter angle,446.5,767.0,1039.5,1203.0,1268.5,1401.5,1863.0,2558.0,7535.5,6238.0,2,100,999
2026-08-10T14:57:17,89,969.4712,miniPAR_miniPAR,outside no filter angle,437.0,748.5,1021.0,1202.0,1244.5,1376.0,1855.0,2509.5,8222.0,6296.5,2,100,999
