timestamp,measurement,tia_par,miniPAR,metadata,f1_415,f2_445,f3_480,f4_515,f5_555,f6_590,f7_630,f8_680,clear,nir,gain,aint,astep,sat_kind,sat_mask,full_scale,headroom,lr1b_exposure_ms,lr1b_peak,lr1b_total,lr1b_peak_nm,lr1b_spectrum_file
2026-08-11T10:11:09,1,11.845296099999999,miniPAR_3CDC750C04F4,office,54.0,153.0,231.0,268.0,323.0,338.0,386.0,305.0,932.5,110.0,10,1,4182,none,0x0000,8366,0.8885,2000.0,25790.0,19385150.0,457.279,measurement_00001.txt
2026-08-11T10:11:09,1,11.845296099999999,miniPAR_3CDC750C0518,office,33.0,94.0,139.0,164.0,195.0,208.0,235.0,185.0,636.0,70.0,9,0,10004,none,0x0000,10005,0.9364,2000.0,25790.0,19385150.0,457.279,measurement_00001.txt
2026-08-11T10:11:09,1,11.845296099999999,miniPAR_3CDC750C0524,office,477.5,1373.5,2062.0,2472.5,2846.0,3068.0,3493.0,2720.0,9431.5,1046.0,9,7,18712,none,0x0000,65535,0.8561,2000.0,25790.0,19385150.0,457.279,measurement_00001.txt
2026-08-11T10:11:39,2,11.879164,miniPAR_3CDC750C04F4,office,54.0,154.0,231.0,270.0,322.0,341.0,387.0,307.0,934.0,114.0,9,1,8143,none,0x0000,16288,0.9427,2000.0,25663.5,19331054.0,456.71,measurement_00002.txt
2026-08-11T10:11:39,2,11.879164,miniPAR_3CDC750C0518,office,226.0,648.0,958.0,1126.0,1344.5,1426.0,1615.0,1271.0,4425.0,477.0,10,22,1539,none,0x0000,35420,0.8751,2000.0,25663.5,19331054.0,456.71,measurement_00002.txt
2026-08-11T10:11:39,2,11.879164,miniPAR_3CDC750C0524,office,155.5,447.0,672.0,804.5,926.0,998.0,1137.0,885.5,3068.5,340.0,9,3,12159,none,0x0000,48640,0.9369,2000.0,25663.5,19331054.0,456.71,measurement_00002.txt
2026-08-11T13:33:23,3,14.994973,miniPAR_3CDC750C04F4,office,132.0,428.0,615.0,738.0,1007.0,1160.0,1300.0,895.0,2765.0,306.0,9,2,12759,none,0x0000,38280,0.9278,1055.24,19830.0,12999007.0,456.899,measurement_00003.txt
2026-08-11T13:33:23,3,14.994973,miniPAR_3CDC750C0518,office,47.0,155.0,217.0,266.0,358.0,414.0,460.5,314.0,1102.0,110.0,9,0,13461,none,0x0000,13462,0.9181,1055.24,19830.0,12999007.0,456.899,measurement_00003.txt
2026-08-11T13:33:23,3,14.994973,miniPAR_3CDC750C0524,office,320.0,1051.0,1497.0,1874.0,2428.0,2839.5,3192.5,2165.0,7606.5,763.0,10,3,12291,none,0x0000,49168,0.8453,1055.24,19830.0,12999007.0,456.899,measurement_00003.txt
2026-08-11T13:36:02,4,463.27635999999995,miniPAR_3CDC750C04F4,outside,120.0,215.0,293.0,334.5,350.0,379.0,500.0,680.0,1957.0,1459.5,3,11,2155,none,0x0000,25872,0.9244,43.910000000000004,20509.5,23566044.0,482.133,measurement_00004.txt
2026-08-11T13:36:02,4,463.27635999999995,miniPAR_3CDC750C0518,outside,630.0,1128.0,1535.5,1746.0,1814.0,1952.0,2605.5,3531.5,11011.0,7583.0,4,9,7694,none,0x0000,65535,0.832,43.910000000000004,20509.5,23566044.0,482.133,measurement_00004.txt
2026-08-11T13:36:02,4,463.27635999999995,miniPAR_3CDC750C0524,outside,8.0,15.0,21.0,24.0,24.0,27.0,35.0,47.0,153.0,103.0,2,2,1398,none,0x0000,4197,0.9635,43.910000000000004,20509.5,23566044.0,482.133,measurement_00004.txt
2026-08-11T13:36:25,5,192.66382,miniPAR_3CDC750C04F4,outside,311.0,547.0,727.0,816.0,848.0,923.0,1219.0,1660.0,4894.0,3885.5,7,4,2091,none,0x0000,10460,0.5321,130.01,20054.0,22430840.0,481.374,measurement_00005.txt
2026-08-11T13:36:25,5,192.66382,miniPAR_3CDC750C0518,outside,1090.0,1925.0,2552.0,2852.5,2944.5,3214.0,4287.5,5841.5,18689.5,13806.5,7,1,19007,none,0x0000,38016,0.5084,130.01,20054.0,22430840.0,481.374,measurement_00005.txt
2026-08-11T13:36:25,5,192.66382,miniPAR_3CDC750C0524,outside,986.0,1745.5,2340.5,2662.0,2702.0,2952.0,3945.5,5286.0,17339.5,12689.0,6,3,17184,none,0x0000,65535,0.7354,130.01,20054.0,22430840.0,481.374,measurement_00005.txt
2026-08-11T13:36:40,6,192.810584,miniPAR_3CDC750C04F4,outside,523.0,922.0,1226.0,1375.0,1430.0,1555.0,2053.0,2797.0,8246.0,6546.0,7,5,2935,none,0x0000,17616,0.5319,130.01,20285.5,23106420.0,480.046,measurement_00006.txt
2026-08-11T13:36:40,6,192.810584,miniPAR_3CDC750C0518,outside,1871.5,3306.5,4384.0,4900.0,5054.5,5514.0,7360.0,10029.0,32078.5,23748.0,6,16,7588,none,0x0000,65535,0.5105,130.01,20285.5,23106420.0,480.046,measurement_00006.txt
2026-08-11T13:36:40,6,192.810584,miniPAR_3CDC750C0524,outside,224.0,398.0,533.5,607.0,616.0,673.0,899.0,1204.0,3954.0,2892.5,5,1,15575,none,0x0000,31152,0.8731,130.01,20285.5,23106420.0,480.046,measurement_00006.txt
2026-08-11T13:36:59,7,1574.6607,miniPAR_3CDC750C04F4,outside,473.0,787.5,1081.0,1272.5,1360.5,1521.5,2048.5,2852.5,8161.5,6796.5,2,3,14968,none,0x0000,59876,0.8637,17.1,19989.0,24319691.0,481.564,measurement_00007.txt
2026-08-11T13:36:59,7,1574.6607,miniPAR_3CDC750C0518,outside,72.0,120.0,164.0,194.0,207.0,230.0,314.0,438.0,1351.0,1049.5,1,8,2059,none,0x0000,18540,0.9271,17.1,19989.0,24319691.0,481.564,measurement_00007.txt
2026-08-11T13:36:59,7,1574.6607,miniPAR_3CDC750C0524,outside,1148.5,1912.0,2644.5,3163.0,3314.5,3712.0,5067.5,6936.0,21913.5,16929.5,4,3,9600,none,0x0000,38404,0.4294,17.1,19989.0,24319691.0,481.564,measurement_00007.txt
2026-08-11T13:37:28,8,1550.27605,miniPAR_3CDC750C04F4,outside,394.5,656.5,899.5,1057.5,1130.5,1265.0,1701.0,2368.0,6759.0,5676.0,4,0,13037,none,0x0000,13038,0.4816,17.1,19736.5,24091643.0,481.943,measurement_00008.txt
2026-08-11T13:37:28,8,1550.27605,miniPAR_3CDC750C0518,outside,1008.5,1683.5,2303.5,2705.5,2883.5,3225.5,4396.5,6116.0,18825.5,14798.5,4,1,16959,none,0x0000,33920,0.445,17.1,19736.5,24091643.0,481.943,measurement_00008.txt
2026-08-11T13:37:28,8,1550.27605,miniPAR_3CDC750C0524,outside,279.5,465.0,642.0,767.5,804.5,902.0,1231.0,1687.5,5382.5,4174.0,3,0,18535,none,0x0000,18536,0.7096,17.1,19736.5,24091643.0,481.943,measurement_00008.txt
2026-08-11T13:38:08,9,1556.3272,miniPAR_3CDC750C04F4,outside,45.0,76.0,104.0,122.0,130.5,146.5,197.0,274.5,788.5,665.5,1,0,11685,none,0x0000,11686,0.9325,17.1,19928.5,24473176.0,477.959,measurement_00009.txt
2026-08-11T13:38:08,9,1556.3272,miniPAR_3CDC750C0518,outside,158.0,263.0,360.0,424.0,450.5,503.0,685.0,955.5,2959.5,2337.5,1,8,4555,none,0x0000,41004,0.9278,17.1,19928.5,24473176.0,477.959,measurement_00009.txt
2026-08-11T13:38:08,9,1556.3272,miniPAR_3CDC750C0524,outside,239.0,399.0,551.0,657.0,686.0,771.0,1051.5,1438.5,4561.0,3581.5,4,31,252,none,0x0000,8096,0.4366,17.1,19928.5,24473176.0,477.959,measurement_00009.txt
2026-08-11T13:39:11,10,532.85154,miniPAR_3CDC750C04F4,outside,873.0,1507.0,2037.0,2343.0,2459.0,2716.5,3615.5,4978.0,14326.0,11836.0,5,27,1468,none,0x0000,41132,0.6517,46.58,20127.5,23383781.0,480.236,measurement_00010.txt
2026-08-11T13:39:11,10,532.85154,miniPAR_3CDC750C0518,outside,38.0,64.0,87.0,100.0,105.0,116.0,156.0,216.0,673.5,522.0,4,0,3433,none,0x0000,3434,0.8039,46.58,20127.5,23383781.0,480.236,measurement_00010.txt
2026-08-11T13:39:11,10,532.85154,miniPAR_3CDC750C0524,outside,521.5,898.5,1226.5,1431.5,1475.0,1634.5,2207.5,2991.5,9652.0,7425.5,5,2,8361,none,0x0000,25086,0.6152,46.58,20127.5,23383781.0,480.236,measurement_00010.txt
2026-08-11T13:39:29,11,564.00965,miniPAR_3CDC750C04F4,outside,439.5,757.5,1024.5,1178.0,1235.5,1364.5,1814.0,2498.5,7261.5,6019.0,4,2,13687,none,0x0000,41064,0.8232,46.58,20033.5,23268457.0,481.943,measurement_00011.txt
2026-08-11T13:39:29,11,564.00965,miniPAR_3CDC750C0518,outside,208.0,356.0,480.5,553.5,580.0,639.5,862.5,1192.0,3728.5,2880.0,2,9,7417,none,0x0000,65535,0.9431,46.58,20033.5,23268457.0,481.943,measurement_00011.txt
2026-08-11T13:39:29,11,564.00965,miniPAR_3CDC750C0524,outside,28.0,49.0,67.0,78.0,80.0,89.0,120.0,162.5,529.0,405.5,3,0,5208,none,0x0000,5209,0.8984,46.58,20033.5,23268457.0,481.943,measurement_00011.txt
2026-08-11T13:40:05,12,1615.84365,miniPAR_3CDC750C04F4,outside,118.5,200.5,274.5,321.5,341.0,381.0,510.0,706.5,2042.0,1723.0,1,2,9737,none,0x0000,29214,0.9301,16.86,20886.5,25099925.0,481.943,measurement_00012.txt
2026-08-11T13:40:05,12,1615.84365,miniPAR_3CDC750C0518,outside,386.5,651.5,888.5,1041.5,1106.0,1229.0,1665.0,2312.0,7204.5,5687.0,1,10,8721,none,0x0000,65535,0.8901,16.86,20886.5,25099925.0,481.943,measurement_00012.txt
2026-08-11T13:40:05,12,1615.84365,miniPAR_3CDC750C0524,outside,38.0,64.5,89.0,106.0,110.5,123.5,168.0,229.0,735.5,574.0,1,0,9698,none,0x0000,9699,0.9242,16.86,20886.5,25099925.0,481.943,measurement_00012.txt
2026-08-11T13:40:29,13,157.55454,miniPAR_3CDC750C04F4,outside,626.0,1278.0,1646.0,1718.5,1669.0,1685.5,2095.0,2679.0,8646.5,5965.5,5,11,8904,none,0x0000,65535,0.8681,126.08,20253.0,19030016.0,451.018,measurement_00013.txt
2026-08-11T13:40:29,13,157.55454,miniPAR_3CDC750C0518,outside,289.0,584.5,751.0,780.0,753.0,759.0,953.0,1218.0,4300.5,2731.0,7,0,12709,none,0x0000,12710,0.6616,126.08,20253.0,19030016.0,451.018,measurement_00013.txt
2026-08-11T13:40:29,13,157.55454,miniPAR_3CDC750C0524,outside,175.0,354.0,462.0,489.0,465.0,470.0,592.0,746.0,2692.0,1700.5,6,0,15608,none,0x0000,15609,0.8275,126.08,20253.0,19030016.0,451.018,measurement_00013.txt
2026-08-11T13:40:45,14,160.98645,miniPAR_3CDC750C04F4,outside,147.0,301.0,388.0,403.0,390.0,390.0,481.0,612.0,1994.0,1346.0,7,0,6254,none,0x0000,6255,0.6812,126.08,20880.5,19139915.0,450.828,measurement_00014.txt
2026-08-11T13:40:45,14,160.98645,miniPAR_3CDC750C0518,outside,374.0,758.0,974.0,1007.0,968.0,970.0,1213.0,1542.0,5486.5,3420.5,7,0,16095,none,0x0000,16096,0.6591,126.08,20880.5,19139915.0,450.828,measurement_00014.txt
2026-08-11T13:40:45,14,160.98645,miniPAR_3CDC750C0524,outside,71.0,145.0,189.0,199.0,189.0,190.0,237.0,297.0,1082.0,670.0,6,0,6265,none,0x0000,6266,0.8273,126.08,20880.5,19139915.0,450.828,measurement_00014.txt
2026-08-11T13:41:32,15,1538.2193499999998,miniPAR_3CDC750C04F4,outside,280.5,474.0,648.5,757.5,806.0,897.0,1200.5,1661.5,4805.0,4046.5,3,0,17717,none,0x0000,17718,0.7288,16.88,19977.5,24014029.0,478.149,measurement_00015.txt
2026-08-11T13:41:32,15,1538.2193499999998,miniPAR_3CDC750C0518,outside,534.5,902.5,1229.5,1440.0,1526.0,1694.0,2290.0,3179.0,9920.5,7797.5,3,2,11559,none,0x0000,34680,0.7139,16.88,19977.5,24014029.0,478.149,measurement_00015.txt
2026-08-11T13:41:32,15,1538.2193499999998,miniPAR_3CDC750C0524,outside,337.0,569.5,785.0,931.5,972.0,1084.5,1470.5,2003.5,6396.5,5008.0,4,2,3796,none,0x0000,11391,0.4385,16.88,19977.5,24014029.0,478.149,measurement_00015.txt
2026-08-11T13:41:46,16,1541.606,miniPAR_3CDC750C04F4,outside,57.0,97.5,133.0,156.0,166.0,185.0,247.5,343.0,990.5,835.0,1,5,2436,none,0x0000,14622,0.9323,16.88,19884.5,23901980.0,478.149,measurement_00016.txt
2026-08-11T13:41:46,16,1541.606,miniPAR_3CDC750C0518,outside,1042.5,1762.5,2402.0,2810.0,2980.5,3308.0,4473.5,6209.0,19379.5,15264.5,2,6,19350,none,0x0000,65535,0.7043,16.88,19884.5,23901980.0,478.149,measurement_00016.txt
2026-08-11T13:41:46,16,1541.606,miniPAR_3CDC750C0524,outside,462.5,781.5,1076.5,1278.0,1328.5,1483.0,2010.5,2738.0,8746.0,6852.0,4,4,3119,none,0x0000,15600,0.4394,16.88,19884.5,23901980.0,478.149,measurement_00016.txt
2026-08-11T13:41:56,17,1541.8769499999999,miniPAR_3CDC750C04F4,outside,501.0,846.5,1157.0,1352.5,1436.5,1600.0,2140.5,2963.0,8572.5,7229.0,3,1,15787,none,0x0000,31576,0.7285,16.88,20172.0,24118462.0,481.374,measurement_00017.txt
2026-08-11T13:41:56,17,1541.8769499999999,miniPAR_3CDC750C0518,outside,23.0,39.0,53.0,62.5,66.0,74.0,100.0,138.5,431.5,340.0,1,0,6018,none,0x0000,6019,0.9283,16.88,20172.0,24118462.0,481.374,measurement_00017.txt
2026-08-11T13:41:56,17,1541.8769499999999,miniPAR_3CDC750C0524,outside,534.5,904.5,1246.0,1479.0,1541.5,1720.5,2332.5,3176.0,10146.5,7953.5,4,2,6022,none,0x0000,18069,0.4385,16.88,20172.0,24118462.0,481.374,measurement_00017.txt
2026-08-11T13:42:10,18,1540.0255000000002,miniPAR_3CDC750C04F4,outside,102.0,173.0,237.0,277.0,293.0,327.0,437.5,606.0,1753.0,1480.5,1,2,8625,none,0x0000,25878,0.9323,16.88,20028.5,24015471.0,481.184,measurement_00018.txt
2026-08-11T13:42:10,18,1540.0255000000002,miniPAR_3CDC750C0518,outside,230.5,390.0,532.0,622.5,658.5,731.0,987.5,1371.0,4280.5,3376.0,2,1,14954,none,0x0000,29910,0.8569,16.88,20028.5,24015471.0,481.184,measurement_00018.txt
2026-08-11T13:42:10,18,1540.0255000000002,miniPAR_3CDC750C0524,outside,2159.5,3657.5,5036.0,5977.0,6232.5,6955.0,9431.0,12836.5,41028.0,32184.0,4,3,18253,none,0x0000,65535,0.374,16.88,20028.5,24015471.0,481.184,measurement_00018.txt
2026-08-11T13:42:31,19,1498.02985,miniPAR_3CDC750C04F4,outside,169.0,288.5,393.5,458.5,485.5,540.0,720.0,995.5,2891.5,2437.5,2,1,11181,none,0x0000,22364,0.8707,16.88,19300.0,22699420.0,482.133,measurement_00019.txt
2026-08-11T13:42:31,19,1498.02985,miniPAR_3CDC750C0518,outside,91.0,156.0,212.0,248.0,261.0,289.0,389.5,540.5,1691.5,1331.5,2,0,12266,none,0x0000,12267,0.8621,16.88,19300.0,22699420.0,482.133,measurement_00019.txt
2026-08-11T13:42:31,19,1498.02985,miniPAR_3CDC750C0524,outside,440.5,748.5,1029.0,1220.0,1269.5,1413.5,1912.0,2602.0,8406.0,6546.5,3,1,15061,none,0x0000,30124,0.721,16.88,19300.0,22699420.0,482.133,measurement_00019.txt
2026-08-11T13:42:56,20,1723.0906,miniPAR_3CDC750C04F4,outside,371.0,626.0,856.0,1001.0,1063.0,1183.5,1582.0,2188.0,6339.5,5363.5,3,4,4053,none,0x0000,20270,0.6872,15.1,20076.5,23979226.0,479.856,measurement_00020.txt
2026-08-11T13:42:56,20,1723.0906,miniPAR_3CDC750C0518,outside,634.0,1072.0,1462.5,1708.0,1808.0,2010.5,2721.5,3762.0,11714.0,9306.0,4,0,18299,none,0x0000,18300,0.3599,15.1,20076.5,23979226.0,479.856,measurement_00020.txt
2026-08-11T13:42:56,20,1723.0906,miniPAR_3CDC750C0524,outside,802.0,1355.0,1865.0,2218.5,2311.5,2576.0,3490.5,4757.0,15344.0,11995.5,2,7,11478,none,0x0000,65535,0.7659,15.1,20076.5,23979226.0,479.856,measurement_00020.txt
2026-08-11T13:45:29,21,53.728096,miniPAR_3CDC750C04F4,outside canopy,340.5,521.0,603.5,658.0,630.5,684.0,754.5,960.5,5419.0,6929.0,6,17,2300,none,0x0000,41418,0.8327,313.52,18588.5,24084562.0,478.338,measurement_00021.txt
2026-08-11T13:45:29,21,53.728096,miniPAR_3CDC750C0518,outside canopy,121.0,185.0,213.0,233.0,220.5,239.5,267.5,346.5,2080.0,2502.0,6,0,15053,none,0x0000,15054,0.8338,313.52,18588.5,24084562.0,478.338,measurement_00021.txt
2026-08-11T13:45:29,21,53.728096,miniPAR_3CDC750C0524,outside canopy,396.5,611.0,709.5,790.0,737.0,803.0,896.0,1141.5,7013.5,8363.5,7,2,8547,none,0x0000,25644,0.6739,313.52,18588.5,24084562.0,478.338,measurement_00021.txt
2026-08-11T13:45:57,22,37.144312,miniPAR_3CDC750C04F4,outside canopy,265.0,376.0,427.0,476.0,461.0,513.0,558.5,717.5,4353.5,5908.0,7,0,19638,none,0x0000,19639,0.6992,437.79,18822.5,26660576.0,481.374,measurement_00022.txt
2026-08-11T13:45:57,22,37.144312,miniPAR_3CDC750C0518,outside canopy,870.5,1242.5,1403.0,1568.5,1510.5,1676.5,1845.5,2413.0,15597.5,19727.0,8,1,16703,none,0x0000,33408,0.4095,437.79,18822.5,26660576.0,481.374,measurement_00022.txt
2026-08-11T13:45:57,22,37.144312,miniPAR_3CDC750C0524,outside canopy,116.0,166.0,188.5,215.0,201.5,226.0,248.5,321.5,2108.0,2681.0,7,0,9044,none,0x0000,9045,0.7036,437.79,18822.5,26660576.0,481.374,measurement_00022.txt
2026-08-11T13:46:17,23,81.409121,miniPAR_3CDC750C04F4,outside canopy,46.0,79.0,98.0,106.0,104.0,109.0,130.0,168.0,713.5,732.5,5,0,10604,none,0x0000,10605,0.9309,238.89000000000001,19960.5,21934771.0,450.828,measurement_00023.txt
2026-08-11T13:46:17,23,81.409121,miniPAR_3CDC750C0518,outside canopy,968.0,1636.0,2005.0,2166.0,2124.5,2224.5,2678.5,3484.0,15984.5,15127.0,8,1,14204,none,0x0000,28410,0.4374,238.89000000000001,19960.5,21934771.0,450.828,measurement_00023.txt
2026-08-11T13:46:17,23,81.409121,miniPAR_3CDC750C0524,outside canopy,231.0,394.0,488.5,538.0,516.0,543.0,655.0,840.0,3919.5,3719.0,7,1,6979,none,0x0000,13960,0.7192,238.89000000000001,19960.5,21934771.0,450.828,measurement_00023.txt
2026-08-11T13:46:54,24,45.2838,miniPAR_3CDC750C04F4,outside canopy,985.0,1475.0,1705.5,1875.0,1808.0,1976.5,2186.0,2799.0,15853.5,20458.0,6,6,19525,none,0x0000,65535,0.6878,387.02,19887.0,26352851.0,481.753,measurement_00024.txt
2026-08-11T13:46:54,24,45.2838,miniPAR_3CDC750C0518,outside canopy,55.0,82.0,94.0,104.0,99.0,108.0,121.0,158.0,954.0,1160.0,5,0,15572,none,0x0000,15573,0.9255,387.02,19887.0,26352851.0,481.753,measurement_00024.txt
2026-08-11T13:46:54,24,45.2838,miniPAR_3CDC750C0524,outside canopy,282.0,426.5,494.5,555.0,520.5,571.5,639.5,820.5,5053.5,6067.5,4,130,1246,none,0x0000,65535,0.9074,387.02,19887.0,26352851.0,481.753,measurement_00024.txt
2026-08-11T13:47:26,25,1557.54635,miniPAR_3CDC750C04F4,outside,279.0,458.0,623.0,736.0,784.5,879.0,1173.5,1633.0,4819.5,4175.0,0,7,16876,none,0x0000,65535,0.9265,17.56,20410.0,25085834.0,482.133,measurement_00025.txt
2026-08-11T13:47:26,25,1557.54635,miniPAR_3CDC750C0518,outside,29.0,48.0,65.0,77.0,82.0,92.0,124.0,173.0,549.0,443.0,1,2,2420,none,0x0000,7263,0.9244,17.56,20410.0,25085834.0,482.133,measurement_00025.txt
2026-08-11T13:47:26,25,1557.54635,miniPAR_3CDC750C0524,outside,322.5,530.0,727.0,872.5,914.0,1025.0,1388.0,1902.0,6240.0,4986.5,1,13,5808,none,0x0000,65535,0.9048,17.56,20410.0,25085834.0,482.133,measurement_00025.txt
2026-08-11T13:47:40,26,1569.7838499999998,miniPAR_3CDC750C04F4,outside,81.0,133.5,182.0,215.0,229.0,256.0,342.5,476.0,1396.5,1196.5,1,5,3265,none,0x0000,19596,0.9287,17.56,20686.0,25371904.0,482.133,measurement_00026.txt
2026-08-11T13:47:40,26,1569.7838499999998,miniPAR_3CDC750C0518,outside,38.0,62.0,85.0,101.0,107.0,119.0,162.0,225.0,711.5,568.0,1,0,9390,none,0x0000,9391,0.9242,17.56,20686.0,25371904.0,482.133,measurement_00026.txt
2026-08-11T13:47:40,26,1569.7838499999998,miniPAR_3CDC750C0524,outside,130.0,214.0,294.0,352.0,369.0,412.5,559.5,764.5,2476.0,1965.5,4,4,834,none,0x0000,4175,0.4069,17.56,20686.0,25371904.0,482.133,measurement_00026.txt
2026-08-11T13:48:09,27,1357.90875,miniPAR_3CDC750C04F4,outside,83.0,137.0,187.0,220.0,234.0,261.5,349.0,484.0,1412.5,1192.0,3,0,5895,none,0x0000,5896,0.7604,19.87,20153.0,24649377.0,481.564,measurement_00027.txt
2026-08-11T13:48:09,27,1357.90875,miniPAR_3CDC750C0518,outside,334.0,556.0,756.5,889.0,945.0,1049.0,1418.5,1972.0,6207.5,4872.5,3,5,4085,none,0x0000,24516,0.7468,19.87,20153.0,24649377.0,481.564,measurement_00027.txt
2026-08-11T13:48:09,27,1357.90875,miniPAR_3CDC750C0524,outside,105.0,175.0,241.0,287.5,300.0,335.0,453.5,620.0,2015.0,1567.5,2,2,5190,none,0x0000,15573,0.8706,19.87,20153.0,24649377.0,481.564,measurement_00027.txt
2026-08-11T13:48:27,28,864.34655,miniPAR_3CDC750C04F4,outside,270.0,455.0,617.0,718.0,761.5,846.0,1127.5,1559.0,4553.0,3809.5,4,53,306,none,0x0000,16578,0.7254,30.77,20104.5,24488005.0,479.856,measurement_00028.txt
2026-08-11T13:48:27,28,864.34655,miniPAR_3CDC750C0518,outside,577.0,971.5,1314.0,1528.0,1614.0,1791.0,2418.0,3342.0,10520.0,8220.0,5,0,18369,none,0x0000,18370,0.4273,30.77,20104.5,24488005.0,479.856,measurement_00028.txt
2026-08-11T13:48:27,28,864.34655,miniPAR_3CDC750C0524,outside,119.0,202.0,275.0,325.0,338.5,377.0,510.0,693.0,2242.0,1735.0,5,7,476,none,0x0000,3816,0.4125,30.77,20104.5,24488005.0,479.856,measurement_00028.txt
2026-08-11T13:48:49,29,1330.9051,miniPAR_3CDC750C04F4,outside,232.0,391.0,532.5,623.0,661.5,734.5,979.0,1354.5,3958.0,3310.5,3,1,8406,none,0x0000,16814,0.7646,19.94,20091.0,24162411.0,481.374,measurement_00029.txt
2026-08-11T13:48:49,29,1330.9051,miniPAR_3CDC750C0518,outside,380.0,637.5,867.0,1014.5,1074.5,1188.0,1604.0,2224.0,7009.5,5473.0,1,16,6676,none,0x0000,65535,0.893,19.94,20091.0,24162411.0,481.374,measurement_00029.txt
2026-08-11T13:48:49,29,1330.9051,miniPAR_3CDC750C0524,outside,1528.0,2566.0,3524.0,4189.0,4365.5,4851.5,6560.0,8940.5,29070.5,22445.5,3,17,6394,none,0x0000,65535,0.5564,19.94,20091.0,24162411.0,481.374,measurement_00029.txt
2026-08-11T13:49:10,30,1641.2667999999999,miniPAR_3CDC750C04F4,outside,163.0,273.0,373.0,438.0,465.5,517.5,690.5,956.5,2798.0,2365.5,2,0,18528,none,0x0000,18529,0.849,15.77,19928.5,24024134.0,481.564,measurement_00030.txt
2026-08-11T13:49:10,30,1641.2667999999999,miniPAR_3CDC750C0518,outside,61.0,102.0,139.0,163.0,173.0,192.0,259.0,360.0,1133.5,893.5,1,1,7116,none,0x0000,14234,0.9204,15.77,19928.5,24024134.0,481.564,measurement_00030.txt
2026-08-11T13:49:10,30,1641.2667999999999,miniPAR_3CDC750C0524,outside,1169.5,1957.0,2691.5,3211.5,3349.5,3729.5,5047.5,6886.0,22407.0,17454.0,2,8,15403,none,0x0000,65535,0.6581,15.77,19928.5,24024134.0,481.564,measurement_00030.txt
2026-08-11T13:49:45,31,81.036585,miniPAR_3CDC750C04F4,outside canopy,162.0,277.5,334.0,355.0,340.5,354.0,406.5,513.5,2430.0,2631.0,6,1,8738,none,0x0000,17478,0.8495,227.09,19702.5,21428054.0,450.639,measurement_00031.txt
2026-08-11T13:49:45,31,81.036585,miniPAR_3CDC750C0518,outside canopy,113.0,191.0,229.0,243.0,231.0,241.0,280.0,357.0,1819.5,1848.0,6,1,6188,none,0x0000,12378,0.8507,227.09,19702.5,21428054.0,450.639,measurement_00031.txt
2026-08-11T13:49:45,31,81.036585,miniPAR_3CDC750C0524,outside canopy,1413.0,2413.5,2927.0,3167.0,2964.0,3095.0,3595.5,4522.5,23549.0,23657.0,6,9,15935,none,0x0000,65535,0.639,227.09,19702.5,21428054.0,450.639,measurement_00031.txt
2026-08-11T13:50:07,32,64.204439,miniPAR_3CDC750C04F4,outside canopy,349.5,567.0,668.0,715.0,684.0,721.5,806.5,1015.5,5373.5,6372.5,7,22,902,none,0x0000,20769,0.6932,284.04,20243.0,23689985.0,450.828,measurement_00032.txt
2026-08-11T13:50:07,32,64.204439,miniPAR_3CDC750C0518,outside canopy,480.0,776.0,910.5,976.0,923.5,977.5,1104.0,1409.5,7994.5,8959.0,5,35,3205,none,0x0000,65535,0.8633,284.04,20243.0,23689985.0,450.828,measurement_00032.txt
2026-08-11T13:50:07,32,64.204439,miniPAR_3CDC750C0524,outside canopy,1835.0,2989.5,3552.5,3872.5,3584.5,3817.5,4331.0,5443.0,31345.0,34597.5,8,2,19109,none,0x0000,57330,0.3965,284.04,20243.0,23689985.0,450.828,measurement_00032.txt
2026-08-11T13:50:32,33,45.34025,miniPAR_3CDC750C04F4,outside canopy,154.0,221.0,248.0,274.0,260.0,289.0,307.0,389.5,2509.5,3454.0,4,7,9304,none,0x0000,65535,0.9473,413.21000000000004,20128.0,28137116.0,481.374,measurement_00033.txt
2026-08-11T13:50:32,33,45.34025,miniPAR_3CDC750C0518,outside canopy,1108.0,1600.0,1787.5,1976.5,1868.0,2073.5,2229.0,2882.5,19635.0,25476.5,6,10,12716,none,0x0000,65535,0.6113,413.21000000000004,20128.0,28137116.0,481.374,measurement_00033.txt
2026-08-11T13:50:32,33,45.34025,miniPAR_3CDC750C0524,outside canopy,596.0,865.0,973.0,1097.0,1015.0,1132.5,1217.0,1554.0,10812.0,13908.5,6,3,19186,none,0x0000,65535,0.7878,413.21000000000004,20128.0,28137116.0,481.374,measurement_00033.txt
2026-08-11T13:50:54,34,82.51546,miniPAR_3CDC750C04F4,outside canopy,268.0,444.0,528.0,562.0,535.5,558.0,625.0,781.0,4047.5,4660.5,7,5,2284,none,0x0000,13710,0.6601,236.70000000000002,20137.0,22180516.0,451.208,measurement_00034.txt
2026-08-11T13:50:54,34,82.51546,miniPAR_3CDC750C0518,outside canopy,186.5,309.0,365.0,388.0,367.0,384.0,435.0,550.0,3048.0,3288.0,7,0,9760,none,0x0000,9761,0.6631,236.70000000000002,20137.0,22180516.0,451.208,measurement_00034.txt
2026-08-11T13:50:54,34,82.51546,miniPAR_3CDC750C0524,outside canopy,335.0,555.0,664.0,721.0,668.0,703.0,796.0,993.0,5641.5,6049.5,4,71,1960,none,0x0000,65535,0.9077,236.70000000000002,20137.0,22180516.0,451.208,measurement_00034.txt
2026-08-11T13:51:25,35,94.809368,miniPAR_3CDC750C04F4,outside canopy,165.0,267.0,320.0,347.0,336.0,357.0,403.0,512.0,2589.0,3028.0,5,1,13897,none,0x0000,27796,0.8911,218.62,19989.5,22927460.0,450.639,measurement_00035.txt
2026-08-11T13:51:25,35,94.809368,miniPAR_3CDC750C0518,outside canopy,183.0,296.0,353.0,383.0,367.0,390.0,446.0,574.0,3090.0,3394.0,4,157,395,none,0x0000,62568,0.9458,218.62,19989.5,22927460.0,450.639,measurement_00035.txt
2026-08-11T13:51:25,35,94.809368,miniPAR_3CDC750C0524,outside canopy,427.0,691.0,831.0,920.0,867.0,924.0,1056.5,1338.0,7401.5,8047.5,6,8,4196,none,0x0000,37773,0.787,218.62,19989.5,22927460.0,450.639,measurement_00035.txt
2026-08-11T13:51:45,36,119.385866,miniPAR_3CDC750C04F4,outside canopy,247.0,424.0,519.0,560.0,542.0,568.0,662.0,844.5,3766.0,3939.0,3,10,13543,none,0x0000,65535,0.9399,176.09,19981.0,21506848.0,451.018,measurement_00036.txt
2026-08-11T13:51:45,36,119.385866,miniPAR_3CDC750C0518,outside canopy,250.0,427.0,522.5,562.0,542.0,567.0,669.0,860.0,4107.5,4029.0,5,1,19976,none,0x0000,39954,0.8972,176.09,19981.0,21506848.0,451.018,measurement_00036.txt
2026-08-11T13:51:45,36,119.385866,miniPAR_3CDC750C0524,outside canopy,108.0,184.0,228.0,250.0,237.0,248.0,293.0,371.0,1820.5,1768.5,5,1,8831,none,0x0000,17664,0.8969,176.09,19981.0,21506848.0,451.018,measurement_00036.txt
2026-08-11T13:51:57,37,119.32942,miniPAR_3CDC750C04F4,outside canopy,55.0,95.0,116.0,125.0,122.0,127.0,148.0,189.0,842.0,882.0,5,0,8642,none,0x0000,8643,0.898,176.09,20046.0,21275460.0,450.449,measurement_00037.txt
2026-08-11T13:51:57,37,119.32942,miniPAR_3CDC750C0518,outside canopy,346.0,592.0,723.0,778.0,751.0,785.0,926.0,1190.0,5686.5,5564.5,6,1,13908,none,0x0000,27818,0.7956,176.09,20046.0,21275460.0,450.449,measurement_00037.txt
2026-08-11T13:51:57,37,119.32942,miniPAR_3CDC750C0524,outside canopy,526.0,900.0,1111.0,1217.0,1155.0,1210.5,1428.0,1808.0,8867.0,8608.5,6,46,920,none,0x0000,43287,0.7952,176.09,20046.0,21275460.0,450.449,measurement_00037.txt
2026-08-11T13:52:18,38,132.42485,miniPAR_3CDC750C04F4,outside canopy,220.0,388.0,481.0,516.0,503.0,522.5,619.0,791.5,3293.5,3229.0,5,1,16716,none,0x0000,33434,0.9015,159.04,20022.0,20885508.0,450.639,measurement_00038.txt
2026-08-11T13:52:18,38,132.42485,miniPAR_3CDC750C0518,outside canopy,323.5,568.0,702.0,752.0,728.0,756.0,905.5,1165.5,5227.5,4779.0,6,16,1486,none,0x0000,25279,0.7932,159.04,20022.0,20885508.0,450.639,measurement_00038.txt
2026-08-11T13:52:18,38,132.42485,miniPAR_3CDC750C0524,outside canopy,161.0,283.5,354.5,386.0,368.0,383.0,459.0,582.0,2681.0,2431.0,5,3,6430,none,0x0000,25724,0.8958,159.04,20022.0,20885508.0,450.639,measurement_00038.txt
2026-08-11T13:52:42,39,92.77731,miniPAR_3CDC750C04F4,outside canopy,800.5,1364.5,1645.5,1745.5,1665.0,1716.5,1949.5,2435.5,11887.0,12882.0,7,3,9811,none,0x0000,39248,0.6718,225.05,20248.0,20692786.0,450.828,measurement_00039.txt
2026-08-11T13:52:42,39,92.77731,miniPAR_3CDC750C0518,outside canopy,337.5,576.5,693.0,733.5,694.0,717.5,825.5,1042.5,5433.5,5515.0,4,6,18990,none,0x0000,65535,0.9158,225.05,20248.0,20692786.0,450.828,measurement_00039.txt
2026-08-11T13:52:42,39,92.77731,miniPAR_3CDC750C0524,outside canopy,381.5,650.5,789.0,852.5,792.5,823.5,946.5,1179.0,6334.0,6394.5,4,10,13997,none,0x0000,65535,0.9024,225.05,20248.0,20692786.0,450.828,measurement_00039.txt
2026-08-11T13:53:02,40,1493.6496499999998,miniPAR_3CDC750C04F4,outside,149.0,248.0,339.5,399.0,424.5,472.5,631.5,875.5,2553.5,2139.0,1,1,18767,none,0x0000,37536,0.932,17.95,20015.5,24163131.0,480.236,measurement_00040.txt
2026-08-11T13:53:02,40,1493.6496499999998,miniPAR_3CDC750C0518,outside,25.0,42.0,57.0,68.0,72.0,80.0,108.0,150.0,472.0,369.0,1,0,6604,none,0x0000,6605,0.9285,17.95,20015.5,24163131.0,480.236,measurement_00040.txt
2026-08-11T13:53:02,40,1493.6496499999998,miniPAR_3CDC750C0524,outside,291.5,486.0,668.0,798.0,834.0,927.5,1257.5,1718.0,5579.0,4317.0,2,1,19266,none,0x0000,38534,0.8552,17.95,20015.5,24163131.0,480.236,measurement_00040.txt
2026-08-11T13:53:26,41,1536.7742,miniPAR_3CDC750C04F4,outside,637.0,1070.5,1464.0,1714.0,1820.0,2020.5,2701.0,3741.5,10858.0,8993.0,1,226,693,none,0x0000,65535,0.8343,17.95,20832.5,24927773.0,481.753,measurement_00041.txt
2026-08-11T13:53:26,41,1536.7742,miniPAR_3CDC750C0518,outside,62.0,105.0,143.0,167.5,177.5,196.0,265.5,369.0,1155.5,893.5,1,0,15934,none,0x0000,15935,0.9275,17.95,20832.5,24927773.0,481.753,measurement_00041.txt
2026-08-11T13:53:26,41,1536.7742,miniPAR_3CDC750C0524,outside,50.0,84.0,115.0,137.0,143.0,159.0,216.0,294.0,951.0,727.0,1,0,12973,none,0x0000,12974,0.9267,17.95,20832.5,24927773.0,481.753,measurement_00041.txt
2026-08-11T13:54:26,42,1532.2585,miniPAR_3CDC750C04F4,outside,55.0,93.0,127.0,149.5,159.0,178.0,239.0,331.5,952.0,793.0,1,0,13835,none,0x0000,13836,0.9312,17.95,20806.0,25208402.0,479.477,measurement_00042.txt
2026-08-11T13:54:26,42,1532.2585,miniPAR_3CDC750C0518,outside,251.0,421.0,575.5,676.5,718.5,798.5,1083.5,1509.0,4679.5,3645.0,2,3,8085,none,0x0000,32344,0.8553,17.95,20806.0,25208402.0,479.477,measurement_00042.txt
2026-08-11T13:54:26,42,1532.2585,miniPAR_3CDC750C0524,outside,376.0,630.0,869.5,1037.5,1085.5,1211.5,1649.0,2253.0,7207.0,5556.0,3,1,12288,none,0x0000,24578,0.7068,17.95,20806.0,25208402.0,479.477,measurement_00042.txt
2026-08-11T13:54:45,43,1520.5178,miniPAR_3CDC750C04F4,outside,655.0,1102.0,1509.0,1771.5,1884.0,2103.0,2821.5,3915.0,11255.5,9391.5,1,12,12683,none,0x0000,65535,0.8283,17.95,20880.5,25034831.0,481.753,measurement_00043.txt
2026-08-11T13:54:45,43,1520.5178,miniPAR_3CDC750C0518,outside,1021.0,1713.0,2339.5,2748.0,2922.0,3246.0,4403.5,6125.0,19016.0,14813.5,3,12,5089,none,0x0000,65535,0.7098,17.95,20880.5,25034831.0,481.753,measurement_00043.txt
2026-08-11T13:54:45,43,1520.5178,miniPAR_3CDC750C0524,outside,1854.0,3116.5,4297.0,5126.0,5357.0,5980.0,8132.0,11108.5,35565.0,27442.0,3,16,7191,none,0x0000,65535,0.4573,17.95,20880.5,25034831.0,481.753,measurement_00043.txt
2026-08-11T13:55:37,44,172.68202000000002,miniPAR_3CDC750C04F4,outside,2628.0,4645.0,6170.5,6933.0,7216.0,7868.5,10356.5,14078.0,41759.0,33860.5,7,5,16294,none,0x0000,65535,0.3628,142.77,20319.0,23763808.0,481.184,measurement_00044.txt
2026-08-11T13:55:37,44,172.68202000000002,miniPAR_3CDC750C0518,outside,23.0,40.0,53.0,60.0,62.0,68.0,90.0,122.0,393.0,299.0,4,0,6862,none,0x0000,6863,0.9427,142.77,20319.0,23763808.0,481.184,measurement_00044.txt
2026-08-11T13:55:37,44,172.68202000000002,miniPAR_3CDC750C0524,outside,203.0,359.0,481.0,550.0,560.0,615.0,821.0,1100.0,3627.0,2738.5,5,16,1826,none,0x0000,31059,0.8832,142.77,20319.0,23763808.0,481.184,measurement_00044.txt
2026-08-11T13:57:17,45,36.963689,miniPAR_3CDC750C04F4,office,226.0,470.0,615.0,638.0,618.0,602.0,743.0,938.0,3037.0,1804.5,8,1,11185,none,0x0000,22372,0.8642,529.91,20180.5,18552789.0,451.587,measurement_00045.txt
2026-08-11T13:57:17,45,36.963689,miniPAR_3CDC750C0518,office,324.0,662.0,863.5,895.0,863.0,840.0,1049.0,1330.0,4744.0,2577.5,9,0,16563,none,0x0000,16564,0.7136,529.91,20180.5,18552789.0,451.587,measurement_00045.txt
2026-08-11T13:57:17,45,36.963689,miniPAR_3CDC750C0524,office,141.0,289.0,384.0,405.0,381.0,376.0,472.5,590.0,2125.0,1167.0,8,0,14900,none,0x0000,14901,0.8574,529.91,20180.5,18552789.0,451.587,measurement_00045.txt
2026-08-11T13:57:36,46,36.68146,miniPAR_3CDC750C04F4,office,147.0,304.5,398.5,413.5,401.0,391.0,481.5,608.0,1968.5,1168.5,8,1,7315,none,0x0000,14632,0.8655,529.91,20000.0,18392226.0,451.587,measurement_00046.txt
2026-08-11T13:57:36,46,36.68146,miniPAR_3CDC750C0518,office,1504.0,3074.0,4012.0,4158.0,4010.5,3900.5,4870.0,6177.5,22031.5,11952.5,9,3,19400,none,0x0000,65535,0.6638,529.91,20000.0,18392226.0,451.587,measurement_00046.txt
2026-08-11T13:57:36,46,36.68146,miniPAR_3CDC750C0524,office,164.0,338.0,448.5,473.0,445.0,439.0,551.0,688.5,2479.0,1359.0,8,19,876,none,0x0000,17540,0.8587,529.91,20000.0,18392226.0,451.587,measurement_00046.txt
2026-08-11T13:57:56,47,35.902508,miniPAR_3CDC750C04F4,office,129.0,267.5,350.5,365.0,353.0,344.0,423.5,537.0,1735.0,1037.5,7,1,13167,none,0x0000,26336,0.9341,529.91,19676.5,18193744.0,450.639,measurement_00047.txt
2026-08-11T13:57:56,47,35.902508,miniPAR_3CDC750C0518,office,321.5,662.0,862.5,894.5,858.5,841.0,1050.0,1335.0,4698.0,2609.5,6,22,5802,none,0x0000,65535,0.9283,529.91,19676.5,18193744.0,450.639,measurement_00047.txt
2026-08-11T13:57:56,47,35.902508,miniPAR_3CDC750C0524,office,207.0,424.0,560.5,593.0,562.0,552.0,691.0,866.0,3125.0,1727.0,7,103,434,none,0x0000,45240,0.9309,529.91,19676.5,18193744.0,450.639,measurement_00047.txt
2026-08-11T13:58:48,48,775.43308,miniPAR_3CDC750C04F4,office,492.5,1040.0,1723.5,2156.0,2393.0,2473.5,3147.0,3599.5,8679.5,2018.5,6,1,6826,none,0x0000,13654,0.3643,31.13,20033.0,20423964.0,497.5,measurement_00048.txt
2026-08-11T13:58:48,48,775.43308,miniPAR_3CDC750C0518,office,776.0,1628.0,2693.0,3362.0,3706.5,3819.0,4911.0,5622.5,14971.5,3172.5,3,23,7022,none,0x0000,65535,0.7715,31.13,20033.0,20423964.0,497.5,measurement_00048.txt
2026-08-11T13:58:48,48,775.43308,miniPAR_3CDC750C0524,office,865.5,1808.0,3031.5,3832.5,4166.5,4314.0,5561.5,6241.0,17064.0,3584.0,4,4,19758,none,0x0000,65535,0.7396,31.13,20033.0,20423964.0,497.5,measurement_00048.txt
2026-08-11T13:59:01,49,774.84604,miniPAR_3CDC750C04F4,office,2388.0,5040.0,8356.5,10453.0,11609.5,11999.0,15266.5,17451.5,42077.5,9775.5,6,8,7345,none,0x0000,65535,0.3579,31.13,19948.0,20404911.0,482.133,measurement_00049.txt
2026-08-11T13:59:01,49,774.84604,miniPAR_3CDC750C0518,office,164.0,345.5,573.0,714.0,783.0,808.0,1041.0,1188.5,3159.5,674.0,4,0,18399,none,0x0000,18400,0.8283,31.13,19948.0,20404911.0,482.133,measurement_00049.txt
2026-08-11T13:59:01,49,774.84604,miniPAR_3CDC750C0524,office,1479.5,3094.0,5187.0,6556.5,7133.5,7380.5,9514.5,10671.0,29154.0,6128.0,5,9,8501,none,0x0000,65535,0.5551,31.13,19948.0,20404911.0,482.133,measurement_00049.txt
2026-08-11T14:00:26,50,3.7283876,miniPAR_3CDC750C04F4,office,141.0,305.0,386.5,702.5,1241.0,1674.5,2196.0,1638.0,3640.0,410.5,10,40,2297,none,0x0000,65535,0.9445,2000.0,7140.0,5576044.0,603.379,measurement_00050.txt
2026-08-11T14:00:26,50,3.7283876,miniPAR_3CDC750C0518,office,249.5,560.5,691.0,1295.5,2240.0,3039.0,3932.5,2923.5,7352.5,759.0,10,70,2420,none,0x0000,65535,0.8878,2000.0,7140.0,5576044.0,603.379,measurement_00050.txt
2026-08-11T14:00:26,50,3.7283876,miniPAR_3CDC750C0524,office,144.0,323.0,407.5,774.5,1281.0,1769.5,2307.5,1702.0,4254.5,462.5,10,18,5518,none,0x0000,65535,0.9351,2000.0,7140.0,5576044.0,603.379,measurement_00050.txt
2026-08-11T14:08:22,51,1433.99765,miniPAR_3CDC750C04F4,fluorcam act1 0 act2 100 fr 0,72.0,450.0,283.0,601.0,972.0,1005.0,746.0,99.0,1710.5,112.0,3,0,17268,none,0x0000,17269,0.9009,6.63,20057.0,7818503.0,450.639,measurement_00051.txt
2026-08-11T14:08:22,51,1433.99765,miniPAR_3CDC750C0518,fluorcam act1 0 act2 100 fr 0,46.0,280.0,170.0,380.0,598.0,607.0,437.0,56.0,1170.0,72.0,2,2,6978,none,0x0000,20937,0.9441,6.63,20057.0,7818503.0,450.639,measurement_00051.txt
2026-08-11T14:08:22,51,1433.99765,miniPAR_3CDC750C0524,fluorcam act1 0 act2 100 fr 0,207.0,1239.0,765.0,1743.0,2707.0,2763.5,1981.5,263.0,5392.0,335.0,4,12,1915,none,0x0000,24908,0.7835,6.63,20057.0,7818503.0,450.639,measurement_00051.txt
2026-08-11T14:09:10,52,1900.6465600000001,miniPAR_3CDC750C04F4,fluorcam act1 100 act2 100 fr 100,432.0,2014.0,1350.0,2671.0,4259.0,6249.5,8529.0,751.0,10840.0,825.0,3,22,3291,none,0x0000,65535,0.8346,4.76,19912.5,6920248.0,620.66,measurement_00052.txt
2026-08-11T14:09:10,52,1900.6465600000001,miniPAR_3CDC750C0518,fluorcam act1 100 act2 100 fr 100,202.0,930.0,606.0,1256.0,1954.0,2966.0,3874.0,334.0,5578.0,401.0,2,113,626,none,0x0000,65535,0.9149,4.76,19912.5,6920248.0,620.66,measurement_00052.txt
2026-08-11T14:09:10,52,1900.6465600000001,miniPAR_3CDC750C0524,fluorcam act1 100 act2 100 fr 100,1277.5,5772.0,3814.5,8046.5,12336.0,18711.0,24199.0,2178.0,35612.5,2596.0,4,20,5513,none,0x0000,65535,0.4566,4.76,19912.5,6920248.0,620.66,measurement_00052.txt
2026-08-11T14:09:59,53,1782.60702,miniPAR_3CDC750C04F4,fluorcam act1 80 act2 100 fr 100,124.0,602.5,403.0,799.0,1278.5,1764.0,2238.0,215.0,3057.5,229.0,4,1,5894,none,0x0000,11790,0.7407,5.71,20045.0,7975177.0,621.256,measurement_00053.txt
2026-08-11T14:09:59,53,1782.60702,miniPAR_3CDC750C0518,fluorcam act1 80 act2 100 fr 100,592.0,2849.0,1851.5,3841.0,5996.5,8508.5,10382.0,982.0,16127.0,1137.0,3,8,12288,none,0x0000,65535,0.7539,5.71,20045.0,7975177.0,621.256,measurement_00053.txt
2026-08-11T14:09:59,53,1782.60702,miniPAR_3CDC750C0524,fluorcam act1 80 act2 100 fr 100,316.0,1491.5,982.0,2076.0,3197.0,4534.0,5481.0,539.0,8763.0,623.0,3,24,2351,none,0x0000,58800,0.851,5.71,20045.0,7975177.0,621.256,measurement_00053.txt
2026-08-11T14:10:13,54,581.6659,miniPAR_3CDC750C04F4,fluorcam act1 80 act2 20 fr 100,27.0,58.0,51.0,79.0,117.0,421.0,945.0,70.0,756.0,69.0,4,0,8128,none,0x0000,8129,0.8837,7.07,19977.0,2729945.0,621.058,measurement_00054.txt
2026-08-11T14:10:13,54,581.6659,miniPAR_3CDC750C0518,fluorcam act1 80 act2 20 fr 100,102.0,216.0,186.0,298.0,435.0,1738.0,3535.0,261.0,3181.0,275.0,5,2,5196,none,0x0000,15591,0.7733,7.07,19977.0,2729945.0,621.058,measurement_00054.txt
2026-08-11T14:10:13,54,581.6659,miniPAR_3CDC750C0524,fluorcam act1 80 act2 20 fr 100,39.0,82.0,72.0,117.0,168.0,666.5,1343.5,104.0,1246.0,109.0,3,1,11661,none,0x0000,23324,0.9424,7.07,19977.0,2729945.0,621.058,measurement_00054.txt
2026-08-11T14:11:01,55,578.9565,miniPAR_3CDC750C04F4,fluorcam act1 80 act2 50 fr 0,245.0,547.0,474.5,758.5,1122.0,4082.0,9245.0,374.0,6907.0,614.0,6,2,6740,none,0x0000,20223,0.5428,7.07,19954.5,2639800.0,621.455,measurement_00055.txt
2026-08-11T14:11:01,55,578.9565,miniPAR_3CDC750C0518,fluorcam act1 80 act2 50 fr 0,72.0,159.0,136.0,224.0,326.0,1315.0,2705.0,103.0,2275.0,193.0,4,1,11884,none,0x0000,23770,0.8862,7.07,19954.5,2639800.0,621.455,measurement_00055.txt
2026-08-11T14:11:01,55,578.9565,miniPAR_3CDC750C0524,fluorcam act1 80 act2 50 fr 0,134.0,294.0,256.0,427.0,610.0,2443.0,4969.5,207.0,4282.0,370.0,6,0,11254,none,0x0000,11255,0.5585,7.07,19954.5,2639800.0,621.455,measurement_00055.txt
2026-08-11T14:11:24,56,431.203868,miniPAR_3CDC750C04F4,fluorcam act1 80 act2 0 fr 0,42.0,31.0,42.0,42.0,43.0,726.0,2000.0,65.0,1233.0,118.0,4,0,18731,none,0x0000,18732,0.8932,7.07,19209.0,1842224.0,621.058,measurement_00056.txt
2026-08-11T14:11:24,56,431.203868,miniPAR_3CDC750C0518,fluorcam act1 80 act2 0 fr 0,60.0,44.0,60.0,61.0,67.0,1175.5,2846.0,89.0,1991.0,181.0,3,3,13144,none,0x0000,52580,0.9459,7.07,19209.0,1842224.0,621.058,measurement_00056.txt
2026-08-11T14:11:24,56,431.203868,miniPAR_3CDC750C0524,fluorcam act1 80 act2 0 fr 0,320.0,241.0,337.0,346.0,365.0,6301.0,15109.0,519.0,10773.5,1011.0,6,3,9235,none,0x0000,36944,0.591,7.07,19209.0,1842224.0,621.058,measurement_00056.txt
2026-08-11T14:11:37,57,430.70714999999996,miniPAR_3CDC750C04F4,fluorcam act1 80 act2 0 fr 0,116.0,87.0,117.0,118.0,120.0,2027.0,5601.5,183.0,3450.0,331.0,5,15,1649,none,0x0000,26400,0.7878,7.07,19171.5,1817365.0,621.654,measurement_00057.txt
2026-08-11T14:11:37,57,430.70714999999996,miniPAR_3CDC750C0518,fluorcam act1 80 act2 0 fr 0,573.0,428.0,589.0,585.5,644.0,11313.0,27441.5,856.5,19138.5,1752.5,6,11,5491,none,0x0000,65535,0.5813,7.07,19171.5,1817365.0,621.654,measurement_00057.txt
2026-08-11T14:11:37,57,430.70714999999996,miniPAR_3CDC750C0524,fluorcam act1 80 act2 0 fr 0,93.0,71.0,98.0,101.0,106.0,1841.5,4433.0,152.0,3179.0,297.0,3,8,9255,none,0x0000,65535,0.9324,7.07,19171.5,1817365.0,621.654,measurement_00057.txt
2026-08-11T14:11:50,58,430.39104,miniPAR_3CDC750C04F4,fluorcam act1 80 act2 0 fr 0,75.0,56.0,76.0,77.0,78.0,1316.0,3645.0,119.0,2243.0,215.0,5,3,4294,none,0x0000,17180,0.7878,7.07,19101.0,1782561.0,621.852,measurement_00058.txt
2026-08-11T14:11:50,58,430.39104,miniPAR_3CDC750C0518,fluorcam act1 80 act2 0 fr 0,396.0,296.0,407.0,405.0,445.0,7808.0,19009.5,593.0,13231.0,1213.0,5,8,10071,none,0x0000,65535,0.7099,7.07,19101.0,1782561.0,621.852,measurement_00058.txt
2026-08-11T14:11:50,58,430.39104,miniPAR_3CDC750C0524,fluorcam act1 80 act2 0 fr 0,50.0,38.0,53.0,54.0,57.0,994.0,2399.0,82.0,1707.5,160.0,5,0,11655,none,0x0000,11656,0.7942,7.07,19101.0,1782561.0,621.852,measurement_00058.txt
2026-08-11T14:12:30,59,596.52243,miniPAR_3CDC750C04F4,fluorcam act1 0 act2 50 fr 0,266.5,1631.0,1109.0,2220.0,3604.5,3718.5,2813.5,373.0,6337.5,418.0,7,3,2432,none,0x0000,9732,0.3488,15.610000000000001,19913.5,7839081.0,451.018,measurement_00059.txt
2026-08-11T14:12:30,59,596.52243,miniPAR_3CDC750C0518,fluorcam act1 0 act2 50 fr 0,754.0,4619.0,3029.0,6376.5,10028.0,10263.0,7560.0,969.0,19784.0,1229.0,5,23,4608,none,0x0000,65535,0.6981,15.610000000000001,19913.5,7839081.0,451.018,measurement_00059.txt
2026-08-11T14:12:30,59,596.52243,miniPAR_3CDC750C0524,fluorcam act1 0 act2 50 fr 0,232.5,1391.0,921.0,1982.0,3079.0,3160.0,2325.0,307.0,6191.0,385.0,5,1,16946,none,0x0000,33894,0.8173,15.610000000000001,19913.5,7839081.0,451.018,measurement_00059.txt
2026-08-11T14:12:58,60,1044.6118,miniPAR_3CDC750C04F4,fluorcam act1 0 act2 80 fr 0,39.0,240.0,158.0,320.0,519.0,538.5,407.0,54.0,919.0,61.0,4,0,6314,none,0x0000,6315,0.8545,9.040000000000001,19963.0,7895161.0,451.397,measurement_00060.txt
2026-08-11T14:12:58,60,1044.6118,miniPAR_3CDC750C0518,fluorcam act1 0 act2 80 fr 0,128.0,772.0,493.0,1051.0,1657.0,1692.0,1246.0,160.0,3276.0,202.0,1,8,17961,none,0x0000,65535,0.95,9.040000000000001,19963.0,7895161.0,451.397,measurement_00060.txt
2026-08-11T14:12:58,60,1044.6118,miniPAR_3CDC750C0524,fluorcam act1 0 act2 80 fr 0,90.0,538.0,347.0,753.0,1173.0,1204.0,886.0,117.0,2378.0,147.0,3,1,14273,none,0x0000,28548,0.9167,9.040000000000001,19963.0,7895161.0,451.397,measurement_00060.txt
2026-08-11T14:13:38,61,1339.1687499999998,miniPAR_3CDC750C04F4,fluorcam act1 0 act2 100 fr 0,160.0,979.0,641.0,1296.5,2103.0,2184.0,1650.0,219.0,3740.0,245.0,1,14,10397,none,0x0000,65535,0.9429,7.13,20103.5,8009046.0,451.018,measurement_00061.txt
2026-08-11T14:13:38,61,1339.1687499999998,miniPAR_3CDC750C0518,fluorcam act1 0 act2 100 fr 0,25.0,147.0,93.0,199.0,314.0,320.0,236.0,30.0,620.5,38.0,2,0,11949,none,0x0000,11950,0.9481,7.13,20103.5,8009046.0,451.018,measurement_00061.txt
2026-08-11T14:13:38,61,1339.1687499999998,miniPAR_3CDC750C0524,fluorcam act1 0 act2 100 fr 0,542.0,3199.0,2050.0,4445.0,6924.5,7107.5,5239.5,693.0,13944.5,866.0,5,4,6814,none,0x0000,34075,0.5908,7.13,20103.5,8009046.0,451.018,measurement_00061.txt
2026-08-11T14:13:57,62,146.62664,miniPAR_3CDC750C04F4,fluorcam act1 0 act2 20 fr 0,169.0,1030.0,744.0,1438.0,2335.0,2408.0,1813.0,240.0,4112.0,269.0,7,2,8471,none,0x0000,25416,0.8382,64.79,20300.5,7977535.0,452.536,measurement_00062.txt
2026-08-11T14:13:57,62,146.62664,miniPAR_3CDC750C0518,fluorcam act1 0 act2 20 fr 0,146.0,895.5,621.0,1265.0,1988.0,2033.5,1489.0,191.0,3920.0,242.0,6,4,8960,none,0x0000,44805,0.9125,64.79,20300.5,7977535.0,452.536,measurement_00062.txt
2026-08-11T14:13:57,62,146.62664,miniPAR_3CDC750C0524,fluorcam act1 0 act2 20 fr 0,236.0,1408.0,985.5,2051.0,3184.0,3264.5,2384.0,315.0,6392.5,396.0,6,13,5137,none,0x0000,65535,0.9025,64.79,20300.5,7977535.0,452.536,measurement_00062.txt
2026-08-11T14:14:26,63,147.891,miniPAR_3CDC750C04F4,fluorcam act1 0 act2 20 fr 100,186.0,900.0,664.0,1229.0,1998.0,2059.0,1565.0,833.0,4455.0,349.0,8,0,10531,none,0x0000,10532,0.577,64.79,20296.5,8646961.0,451.967,measurement_00063.txt
2026-08-11T14:14:26,63,147.891,miniPAR_3CDC750C0518,fluorcam act1 0 act2 20 fr 100,17.0,83.0,58.0,115.0,179.0,184.0,137.0,80.0,450.0,33.0,6,0,3930,none,0x0000,3931,0.8855,64.79,20296.5,8646961.0,451.967,measurement_00063.txt
2026-08-11T14:14:26,63,147.891,miniPAR_3CDC750C0524,fluorcam act1 0 act2 20 fr 100,62.0,293.0,209.0,417.0,647.0,665.0,491.0,287.0,1644.0,120.0,5,1,14132,none,0x0000,28266,0.9418,64.79,20296.5,8646961.0,451.967,measurement_00063.txt
2026-08-11T14:14:55,64,242.94576,miniPAR_3CDC750C04F4,fluorcam act1 20 act2 20 fr 20,16.0,61.0,47.0,85.0,135.0,230.0,358.0,29.0,400.0,31.0,5,0,5518,none,0x0000,5519,0.9275,28.330000000000002,20277.5,5092500.0,620.859,measurement_00064.txt
2026-08-11T14:14:55,64,242.94576,miniPAR_3CDC750C0518,fluorcam act1 20 act2 20 fr 20,184.0,736.0,547.0,1035.0,1595.0,2896.0,4263.0,340.0,5360.5,404.0,7,1,8610,none,0x0000,17222,0.6887,28.330000000000002,20277.5,5092500.0,620.859,measurement_00064.txt
2026-08-11T14:14:55,64,242.94576,miniPAR_3CDC750C0524,fluorcam act1 20 act2 20 fr 20,264.0,1037.0,780.0,1505.0,2286.0,4136.5,6034.0,504.0,7755.5,594.0,7,7,3088,none,0x0000,24712,0.6862,28.330000000000002,20277.5,5092500.0,620.859,measurement_00064.txt
2026-08-11T14:24:15,65,5.6927024,miniPAR_3CDC750C04F4,office,42.0,165.0,232.0,264.5,393.5,467.0,523.0,326.0,1040.5,90.0,10,0,19663,none,0x0000,19664,0.9471,2000.0,16117.5,9067709.0,456.52,measurement_00065.txt
2026-08-11T14:24:15,65,5.6927024,miniPAR_3CDC750C0518,office,46.0,183.0,247.0,291.5,423.5,504.0,558.5,349.0,1275.0,103.5,10,4,4294,none,0x0000,21475,0.9406,2000.0,16117.5,9067709.0,456.52,measurement_00065.txt
2026-08-11T14:24:15,65,5.6927024,miniPAR_3CDC750C0524,office,172.0,682.0,928.5,1125.5,1566.0,1902.0,2121.5,1316.5,4756.5,399.0,10,43,1825,none,0x0000,65535,0.9274,2000.0,16117.5,9067709.0,456.52,measurement_00065.txt
